{
    "Modules": {
        "...MASTER...": {
            "child_modules": {
                "std": 1,
                "tb": 1
            },
            "start_perf": [
                0.18265509605407715,
                0.016844000000000001,
                0.042145000000000002,
                295444,
                377396,
                1695189461.585206,
                18678992638370
            ],
            "end_perf": [
                0.18566107749938965,
                0.016844000000000001,
                0.043543999999999999,
                296852,
                377396,
                18679002299778,
                0,
                0
            ],
            "nMops": 0,
            "nQuads": 0,
            "nRouts": 5
        },
        "std": {
            "start_perf": [
                0.18574213981628418,
                0.016844000000000001,
                0.043625999999999998,
                296852,
                377396,
                1695189461.5882931,
                18679002509026
            ],
            "child_modules": {},
            "nMops": 528,
            "Compiled": "Yes",
            "nQuads": 218,
            "Compiled Times": 14,
            "end_perf": [
                0.18752408027648926,
                0.016844000000000001,
                0.045407999999999997,
                297008,
                377396,
                18679008207810,
                8589934594,
                0
            ],
            "svclass": [
                "$vcs_nba_dyn_obj",
                0,
                35,
                2,
                2,
                0,
                "sigprop$$",
                0,
                35,
                2,
                2,
                0,
                "process",
                0,
                200,
                8,
                8,
                0,
                "event",
                0,
                34,
                2,
                2,
                0,
                "mailbox",
                0,
                140,
                9,
                9,
                0,
                "semaphore",
                0,
                84,
                5,
                5,
                0
            ],
            "nRouts": 33
        },
        "tb": {
            "child_modules": {},
            "start_perf": [
                0.18755006790161133,
                0.016844000000000001,
                0.045434000000000002,
                297008,
                377396,
                1695189461.590101,
                18679008264034
            ],
            "nMops": 196,
            "nQuads": 80,
            "Compiled": "Yes",
            "Compiled Times": 14,
            "end_perf": [
                0.18993902206420898,
                0.016844000000000001,
                0.047822000000000003,
                302248,
                377396,
                18679015917730,
                12884901889,
                0
            ],
            "nRouts": 11
        }
    },
    "CompUnits": {
        "g7hgQ_d": {
            "text": 2024,
            "mod": "tb",
            "out": "g7hgQ_d.o",
            "bytes": 13770,
            "archive": "archive.13/_21158_archive_1.a",
            "mode": 4,
            "checksum": 0
        }
    },
    "reusePaths": {
        "amcQw_d": {
            "icPath": "csrc"
        },
        "reYIK_d": {
            "icPath": "csrc"
        }
    },
    "stat": {
        "ru_self_end": {
            "ru_nivcsw": 18,
            "ru_stime_sec": 0.051041999999999997,
            "ru_utime_sec": 0.016844000000000001,
            "ru_maxrss_kb": 117532,
            "ru_nvcsw": 55,
            "ru_minflt": 12472,
            "ru_majflt": 0
        },
        "peak_mem_kb": 377396,
        "ru_childs_end": {
            "ru_nivcsw": 22,
            "ru_stime_sec": 0.0099159999999999995,
            "ru_utime_sec": 0.015568,
            "ru_maxrss_kb": 111048,
            "ru_nvcsw": 26,
            "ru_minflt": 5350,
            "ru_majflt": 0
        },
        "cpu_cycles_end": 18679026187138
    },
    "ObjArchives": [
        {
            "archive": "archive.13/_21158_archive_1.a",
            "objects": [
                [
                    "g7hgQ_d.o",
                    13770
                ],
                [
                    "amcQwB.o",
                    115636
                ]
            ],
            "size": 129406
        }
    ]
}