{
    "Modules": {
        "tb": {
            "start_perf": [
                0.19280314445495605,
                0.018331,
                0.042675999999999999,
                296988,
                377404,
                1693041339.1601031,
                47958945047380
            ],
            "child_modules": {},
            "end_perf": [
                0.19500017166137695,
                0.018331,
                0.044866000000000003,
                302528,
                377404,
                47958952090932,
                12884901889,
                0
            ],
            "Compiled Times": 4,
            "Compiled": "Yes",
            "nRouts": 10,
            "nQuads": 86,
            "nMops": 306
        },
        "...MASTER...": {
            "start_perf": [
                0.18781495094299316,
                0.018331,
                0.039258000000000001,
                295468,
                377404,
                1693041339.1551149,
                47958929127700
            ],
            "child_modules": {
                "std": 1,
                "tb": 1,
                "_vcs_unit__2444631337": 1
            },
            "end_perf": [
                0.19045805931091309,
                0.018331,
                0.040330999999999999,
                296236,
                377404,
                47958937602548,
                0,
                0
            ],
            "nRouts": 5,
            "nQuads": 0,
            "nMops": 0
        },
        "_vcs_unit__2444631337": {
            "start_perf": [
                0.19053006172180176,
                0.018331,
                0.040403000000000001,
                296236,
                377404,
                1693041339.15783,
                47958937810100
            ],
            "child_modules": {},
            "svclass": [
                "first",
                0,
                42,
                2,
                2,
                4294967297
            ],
            "Compiled Times": 4,
            "end_perf": [
                0.19141006469726562,
                0.018331,
                0.041283,
                296796,
                377404,
                47958940620948,
                4294967297,
                0
            ],
            "Compiled": "Yes",
            "nQuads": 14,
            "nMops": 42,
            "nRouts": 7
        },
        "std": {
            "start_perf": [
                0.19143104553222656,
                0.018331,
                0.041304,
                296796,
                377404,
                1693041339.158731,
                47958940664468
            ],
            "child_modules": {},
            "svclass": [
                "$vcs_nba_dyn_obj",
                0,
                35,
                2,
                2,
                0,
                "sigprop$$",
                0,
                35,
                2,
                2,
                0,
                "process",
                0,
                200,
                8,
                8,
                0,
                "event",
                0,
                34,
                2,
                2,
                0,
                "mailbox",
                0,
                140,
                9,
                9,
                0,
                "semaphore",
                0,
                84,
                5,
                5,
                0
            ],
            "Compiled Times": 4,
            "end_perf": [
                0.19277811050415039,
                0.018331,
                0.042651000000000001,
                296988,
                377404,
                47958944991636,
                8589934594,
                0
            ],
            "Compiled": "Yes",
            "nQuads": 218,
            "nMops": 528,
            "nRouts": 33
        }
    },
    "reusePaths": {
        "amcQw_d": {
            "icPath": "csrc"
        },
        "jNxLu_d": {
            "icPath": "csrc"
        },
        "reYIK_d": {
            "icPath": "csrc"
        }
    },
    "CompUnits": {
        "g7hgQ_d": {
            "mode": 4,
            "text": 2193,
            "mod": "tb",
            "checksum": 0,
            "out": "g7hgQ_d.o",
            "bytes": 13464,
            "archive": "archive.3/_22207_archive_1.a"
        }
    },
    "ObjArchives": [
        {
            "archive": "archive.3/_22207_archive_1.a",
            "size": 128554,
            "objects": [
                [
                    "g7hgQ_d.o",
                    13464
                ],
                [
                    "amcQwB.o",
                    115090
                ]
            ]
        }
    ],
    "stat": {
        "ru_self_end": {
            "ru_utime_sec": 0.018331,
            "ru_maxrss_kb": 117072,
            "ru_stime_sec": 0.047920999999999998,
            "ru_minflt": 12475,
            "ru_majflt": 0,
            "ru_nvcsw": 32,
            "ru_nivcsw": 39
        },
        "ru_childs_end": {
            "ru_utime_sec": 0.012632000000000001,
            "ru_maxrss_kb": 111116,
            "ru_stime_sec": 0.011514,
            "ru_minflt": 5342,
            "ru_majflt": 0,
            "ru_nvcsw": 26,
            "ru_nivcsw": 22
        },
        "peak_mem_kb": 377404,
        "cpu_cycles_end": 47958961808692
    }
}