{
    "incremental": "on",
    "cycles_program_begin": 27349596674216,
    "cpu_cycles_pass2_start": 27350153957608,
    "CurCompileUdps": {},
    "perf": [
        {
            "stat": [
                "main",
                "entry",
                0.010513067245483398,
                0.012895,
                0.017193,
                200688,
                200688,
                0.0,
                0.0,
                1694501520.168304,
                27349596872168
            ],
            "sub": [
                {
                    "stat": [
                        "doParsingAndDesignResolution",
                        "entry",
                        0.13764119148254395,
                        0.016705000000000001,
                        0.020881,
                        209640,
                        210440,
                        0.0,
                        0.0,
                        1694501520.2954321,
                        27350002877928
                    ],
                    "sub": []
                },
                {
                    "stat": [
                        "doParsingAndDesignResolution",
                        "exit",
                        0.14278221130371094,
                        0.017236999999999999,
                        0.025856000000000001,
                        312420,
                        377404,
                        0.0,
                        0.0,
                        1694501520.3005731,
                        27350019302248
                    ],
                    "sub": []
                },
                {
                    "stat": [
                        "doPostDesignResolutionToVir2Vcs",
                        "entry",
                        0.14566516876220703,
                        0.018041000000000001,
                        0.028563000000000002,
                        294344,
                        377404,
                        0.0,
                        0.0,
                        1694501520.3034561,
                        27350028495272
                    ],
                    "sub": [
                        {
                            "stat": [
                                "doUptoVir2VcsNoSepCleanup",
                                "entry",
                                0.14735007286071777,
                                0.018041000000000001,
                                0.030249000000000002,
                                294536,
                                377404,
                                0.0,
                                0.0,
                                1694501520.305141,
                                27350033862184
                            ],
                            "sub": []
                        },
                        {
                            "stat": [
                                "doUptoVir2VcsNoSepCleanup",
                                "exit",
                                0.16511106491088867,
                                0.018041000000000001,
                                0.038959000000000001,
                                295304,
                                377404,
                                0.0050080000000000003,
                                0.003307,
                                1694501520.322902,
                                27350090629128
                            ],
                            "sub": []
                        },
                        {
                            "stat": [
                                "doRadify_vir2vcsAll",
                                "entry",
                                0.16516900062561035,
                                0.018041000000000001,
                                0.039017999999999997,
                                295304,
                                377404,
                                0.0050080000000000003,
                                0.003307,
                                1694501520.3229599,
                                27350090749896
                            ],
                            "sub": []
                        },
                        {
                            "stat": [
                                "doRadify_vir2vcsAll",
                                "exit",
                                0.16858410835266113,
                                0.018371999999999999,
                                0.041336999999999999,
                                297064,
                                377404,
                                0.0050080000000000003,
                                0.003307,
                                1694501520.326375,
                                27350101735208
                            ],
                            "sub": []
                        }
                    ]
                },
                {
                    "stat": [
                        "doPostDesignResolutionToVir2Vcs",
                        "exit",
                        0.16862201690673828,
                        0.018384000000000001,
                        0.041363999999999998,
                        297064,
                        377404,
                        0.0050080000000000003,
                        0.003307,
                        1694501520.3264129,
                        27350101775176
                    ],
                    "sub": []
                },
                {
                    "stat": [
                        "doGAToPass2",
                        "entry",
                        0.16863298416137695,
                        0.018387000000000001,
                        0.041371999999999999,
                        297064,
                        377404,
                        0.0050080000000000003,
                        0.003307,
                        1694501520.3264239,
                        27350101805640
                    ],
                    "sub": [
                        {
                            "stat": [
                                "DoPass2",
                                "entry",
                                0.18493199348449707,
                                0.018387000000000001,
                                0.042563999999999998,
                                295508,
                                377404,
                                0.012064,
                                0.011585,
                                1694501520.3427229,
                                27350153946504
                            ],
                            "sub": []
                        },
                        {
                            "stat": [
                                "DoPass2",
                                "exit",
                                0.19207906723022461,
                                0.018387000000000001,
                                0.048266000000000003,
                                301304,
                                377404,
                                0.01342,
                                0.011585,
                                1694501520.34987,
                                27350176721928
                            ],
                            "sub": []
                        }
                    ]
                },
                {
                    "stat": [
                        "doGAToPass2",
                        "exit",
                        0.19416403770446777,
                        0.020216999999999999,
                        0.048521000000000002,
                        303232,
                        377404,
                        0.01342,
                        0.011585,
                        1694501520.3519549,
                        27350183383176
                    ],