{
    "Modules": {
        "...MASTER...": {
            "start_perf": [
                0.18836307525634766,
                0.024941999999999999,
                0.040268999999999999,
                295764,
                377776,
                1694501698.7100661,
                27919847155406
            ],
            "child_modules": {
                "std": 1,
                "tb": 1
            },
            "nQuads": 0,
            "end_perf": [
                0.19091606140136719,
                0.024941999999999999,
                0.041410000000000002,
                297208,
                377776,
                27919855336526,
                0,
                0
            ],
            "nMops": 0,
            "nRouts": 5
        },
        "std": {
            "start_perf": [
                0.19097995758056641,
                0.024941999999999999,
                0.041473999999999997,
                297208,
                377776,
                1694501698.712683,
                27919855519662
            ],
            "child_modules": {},
            "Compiled": "Yes",
            "Compiled Times": 3,
            "svclass": [
                "$vcs_nba_dyn_obj",
                0,
                35,
                2,
                2,
                0,
                "sigprop$$",
                0,
                35,
                2,
                2,
                0,
                "process",
                0,
                200,
                8,
                8,
                0,
                "event",
                0,
                34,
                2,
                2,
                0,
                "mailbox",
                0,
                140,
                9,
                9,
                0,
                "semaphore",
                0,
                84,
                5,
                5,
                0
            ],
            "nQuads": 218,
            "end_perf": [
                0.19268393516540527,
                0.024941999999999999,
                0.043177,
                297208,
                377776,
                27919860977998,
                8589934594,
                0
            ],
            "nMops": 528,
            "nRouts": 33
        },
        "tb": {
            "start_perf": [
                0.1932671070098877,
                0.024941999999999999,
                0.043761000000000001,
                297632,
                377776,
                1694501698.7149701,
                27919862812558
            ],
            "child_modules": {
                "add": 1,
                "add_if": 1
            },
            "Compiled": "Yes",
            "nRouts": 24,
            "Compiled Times": 3,
            "nQuads": 109,
            "end_perf": [
                0.19422006607055664,
                0.024941999999999999,
                0.044713000000000003,
                297888,
                377776,
                27919865881230,
                17179869185,
                0
            ],
            "nMops": 250
        },
        "add_if": {
            "start_perf": [
                0.19270896911621094,
                0.024941999999999999,
                0.043202999999999998,
                297208,
                377776,
                1694501698.714412,
                27919861031726
            ],
            "child_modules": {},
            "Compiled": "Yes",
            "nRouts": 9,
            "Compiled Times": 3,
            "nQuads": 18,
            "end_perf": [
                0.19324707984924316,
                0.024941999999999999,
                0.043741000000000002,
                297632,
                377776,
                27919862772142,
                12884901889,
                0
            ],
            "nMops": 57
        },
        "add": {
            "start_perf": [
                0.19424104690551758,
                0.024941999999999999,
                0.044734999999999997,
                297888,
                377776,
                1694501698.7159441,
                27919865923758
            ],
            "child_modules": {},
            "Compiled": "Yes",
            "nRouts": 10,
            "Compiled Times": 3,
            "nQuads": 37,
            "end_perf": [
                0.19482588768005371,
                0.025093000000000001,
                0.045168,
                297888,
                377776,
                27919867815886,
                21474836481,
                0
            ],
            "nMops": 207
        }
    },
    "CompUnits": {},
    "stat": {
        "peak_mem_kb": 377776,
        "ru_self_end": {
            "ru_utime_sec": 0.025093000000000001,
            "ru_majflt": 0,
            "ru_stime_sec": 0.048342999999999997,
            "ru_maxrss_kb": 117556,
            "ru_minflt": 12657,
            "ru_nvcsw": 57,
            "ru_nivcsw": 8
        },
        "ru_childs_end": {
            "ru_utime_sec": 0.019002000000000002,
            "ru_majflt": 0,
            "ru_stime_sec": 0.0062630000000000003,
            "ru_maxrss_kb": 111312,
            "ru_minflt": 5342,
            "ru_nvcsw": 25,
            "ru_nivcsw": 10
        },
        "cpu_cycles_end": 27919877914638
    },
    "reusePaths": {
        "amcQw_d": {
            "icPath": "csrc"
        },
        "reYIK_d": {
            "icPath": "csrc"
        },
        "g7hgQ_d": {
            "icPath": "csrc"
        },
        "r1PsL_d": {
            "icPath": "csrc"
        },
        "GNaSz_d": {
            "icPath": "csrc"
        }
    },
    "ObjArchives": [
        {
            "archive": "archive.2/_18088_archive_1.a",
            "objects": [
                [
                    "amcQwB.o",
                    115434
                ]
            ],
            "size": 115434
        }
    ]
}