{
    "ObjArchives": [
        {
            "archive": "archive.3/_13858_archive_1.a",
            "objects": [
                [
                    "amcQwB.o",
                    114900
                ]
            ],
            "size": 114900
        }
    ],
    "Modules": {
        "...MASTER...": {
            "start_perf": [
                0.1842348575592041,
                0.023746,
                0.033301999999999998,
                295516,
                377404,
                1693034299.392113,
                25474233862612
            ],
            "child_modules": {
                "std": 1,
                "tb": 1,
                "_vcs_unit__2444631337": 1
            },
            "end_perf": [
                0.18670296669006348,
                0.023746,
                0.034257999999999997,
                296348,
                377404,
                25474241773172,
                0,
                0
            ],
            "nRouts": 5,
            "nMops": 0,
            "nQuads": 0
        },
        "_vcs_unit__2444631337": {
            "start_perf": [
                0.18677687644958496,
                0.023746,
                0.034334000000000003,
                296348,
                377404,
                1693034299.394655,
                25474241994612
            ],
            "child_modules": {},
            "end_perf": [
                0.1880347728729248,
                0.023746,
                0.035590999999999998,
                296952,
                377404,
                25474246012820,
                4294967297,
                0
            ],
            "Compiled": "Yes",
            "Compiled Times": 4,
            "svclass": [
                "first",
                0,
                101,
                3,
                3,
                4294967297,
                "second",
                0,
                120,
                2,
                2,
                4294967304
            ],
            "nRouts": 10,
            "nQuads": 64,
            "nMops": 221
        },
        "std": {
            "start_perf": [
                0.18805599212646484,
                0.023746,
                0.035612999999999999,
                296952,
                377404,
                1693034299.3959341,
                25474246060724
            ],
            "child_modules": {},
            "end_perf": [
                0.1893007755279541,
                0.023746,
                0.036857000000000001,
                297104,
                377404,
                25474250060468,
                8589934594,
                0
            ],
            "Compiled": "Yes",
            "Compiled Times": 4,
            "svclass": [
                "$vcs_nba_dyn_obj",
                0,
                35,
                2,
                2,
                0,
                "sigprop$$",
                0,
                35,
                2,
                2,
                0,
                "process",
                0,
                200,
                8,
                8,
                0,
                "event",
                0,
                34,
                2,
                2,
                0,
                "mailbox",
                0,
                140,
                9,
                9,
                0,
                "semaphore",
                0,
                84,
                5,
                5,
                0
            ],
            "nRouts": 33,
            "nQuads": 218,
            "nMops": 528
        },
        "tb": {
            "start_perf": [
                0.18932485580444336,
                0.023746,
                0.036881999999999998,
                297104,
                377404,
                1693034299.397203,
                25474250115380
            ],
            "child_modules": {},
            "end_perf": [
                0.18995189666748047,
                0.023746,
                0.037508,
                297104,
                377404,
                25474252138740,
                12884901889,
                0
            ],
            "Compiled": "Yes",
            "Compiled Times": 4,
            "nRouts": 9,
            "nMops": 219,
            "nQuads": 56
        }
    },
    "stat": {
        "ru_childs_end": {
            "ru_utime_sec": 0.010633,
            "ru_nivcsw": 8,
            "ru_minflt": 5342,
            "ru_stime_sec": 0.014114,
            "ru_maxrss_kb": 110028,
            "ru_majflt": 0,
            "ru_nvcsw": 26
        },
        "ru_self_end": {
            "ru_utime_sec": 0.023746,
            "ru_nivcsw": 33,
            "ru_minflt": 12130,
            "ru_stime_sec": 0.040311,
            "ru_maxrss_kb": 115156,
            "ru_majflt": 0,
            "ru_nvcsw": 38
        },
        "peak_mem_kb": 377404,
        "cpu_cycles_end": 25474261239252
    },
    "CompUnits": {},
    "reusePaths": {
        "amcQw_d": {
            "icPath": "csrc"
        },
        "jNxLu_d": {
            "icPath": "csrc"
        },
        "reYIK_d": {
            "icPath": "csrc"
        },
        "g7hgQ_d": {
            "icPath": "csrc"
        }
    }
}