{
    "Modules": {
        "tb": {
            "nQuads": 104,
            "start_perf": [
                0.1906890869140625,
                0.013101,
                0.052405,
                302280,
                377404,
                1693821447.564306,
                29625353939358
            ],
            "Compiled Times": 2,
            "child_modules": {},
            "Compiled": "Yes",
            "end_perf": [
                0.19330096244812012,
                0.015712,
                0.052405,
                302472,
                377404,
                29625362313758,
                12884901889,
                0
            ],
            "nMops": 302,
            "nRouts": 16
        },
        "...MASTER...": {
            "nQuads": 0,
            "start_perf": [
                0.18371796607971191,
                0.012452,
                0.047516999999999997,
                295572,
                377404,
                1693821447.5573349,
                29625331686782
            ],
            "child_modules": {
                "std": 1,
                "tb": 1,
                "_vcs_unit__2444631337": 1
            },
            "end_perf": [
                0.18624114990234375,
                0.012452,
                0.048605000000000002,
                296340,
                377404,
                29625339773950,
                0,
                0
            ],
            "nMops": 0,
            "nRouts": 5
        },
        "_vcs_unit__2444631337": {
            "start_perf": [
                0.18629598617553711,
                0.012452,
                0.048660000000000002,
                296340,
                377404,
                1693821447.5599129,
                29625339919966
            ],
            "nQuads": 50,
            "Compiled Times": 2,
            "child_modules": {},
            "Compiled": "Yes",
            "end_perf": [
                0.18933200836181641,
                0.012829,
                0.051318999999999997,
                302280,
                377404,
                29625349635774,
                4294967297,
                0
            ],
            "svclass": [
                "generator",
                1687,
                154,
                4,
                3,
                4294967301
            ],
            "nMops": 154,
            "nRouts": 9
        },
        "std": {
            "start_perf": [
                0.18935799598693848,
                0.012834999999999999,
                0.051339999999999997,
                302280,
                377404,
                1693821447.5629749,
                29625349687518
            ],
            "nQuads": 218,
            "Compiled Times": 2,
            "child_modules": {},
            "Compiled": "Yes",
            "end_perf": [
                0.19066500663757324,
                0.013096,
                0.052385000000000001,
                302280,
                377404,
                29625353883230,
                8589934594,
                0
            ],
            "svclass": [
                "$vcs_nba_dyn_obj",
                0,
                35,
                2,
                2,
                0,
                "sigprop$$",
                0,
                35,
                2,
                2,
                0,
                "process",
                0,
                200,
                8,
                8,
                0,
                "event",
                0,
                34,
                2,
                2,
                0,
                "mailbox",
                0,
                140,
                9,
                9,
                0,
                "semaphore",
                0,
                84,
                5,
                5,
                0
            ],
            "nMops": 528,
            "nRouts": 33
        }
    },
    "stat": {
        "ru_self_end": {
            "ru_stime_sec": 0.053362,
            "ru_utime_sec": 0.017787000000000001,
            "ru_maxrss_kb": 118224,
            "ru_majflt": 2,
            "ru_minflt": 12615,
            "ru_nvcsw": 55,
            "ru_nivcsw": 12
        },
        "cpu_cycles_end": 29625371948062,
        "ru_childs_end": {
            "ru_stime_sec": 0.011657000000000001,
            "ru_utime_sec": 0.013942,
            "ru_maxrss_kb": 110232,
            "ru_majflt": 0,
            "ru_minflt": 5342,
            "ru_nvcsw": 26,
            "ru_nivcsw": 5
        },
        "peak_mem_kb": 377404
    },
    "CompUnits": {
        "g7hgQ_d": {
            "mod": "tb",
            "text": 2979,
            "out": "g7hgQ_d.o",
            "bytes": 14086,
            "archive": "archive.1/_15822_archive_1.a",
            "checksum": 0,
            "mode": 4
        },
        "jNxLu_d": {
            "cls": 1687,
            "mod": "_vcs_unit__2444631337",
            "text": 1923,
            "out": "jNxLu_d.o",
            "bytes": 17308,
            "archive": "archive.1/_15822_archive_1.a",
            "checksum": 0,
            "mode": 4
        }
    },
    "reusePaths": {
        "amcQw_d": {
            "icPath": "csrc"
        },
        "reYIK_d": {
            "icPath": "csrc"
        }
    },
    "ObjArchives": [
        {
            "archive": "archive.1/_15822_archive_1.a",
            "size": 146910,
            "objects": [
                [
                    "jNxLu_d.o",
                    17308
                ],
                [
                    "g7hgQ_d.o",
                    14086
                ],
                [
                    "amcQwB.o",
                    115516
                ]
            ]
        }
    ]
}