{
    "CompileStatus": "Successful",
    "rlimit": {
        "data": -1,
        "stack": -1
    },
    "CompileStrategy": "fullobj",
    "cycles_program_begin": 102715662322799,
    "PEModules": [],
    "CurCompileUdps": {},
    "cpu_cycles_pass2_start": 102717125545282,
    "perf": [
        {
            "stat": [
                "main",
                "entry",
                0.010309934616088867,
                0.00579,
                0.022595000000000001,
                200688,
                200688,
                0.0,
                0.0,
                1694164079.5882699,
                102715662500655
            ],
            "sub": [
                {
                    "stat": [
                        "doParsingAndDesignResolution",
                        "entry",
                        0.42331910133361816,
                        0.0088070000000000006,
                        0.02725,
                        209640,
                        210440,
                        0.0,
                        0.0,
                        1694164080.0012791,
                        102716981572514
                    ],
                    "sub": []
                },
                {
                    "stat": [
                        "doParsingAndDesignResolution",
                        "exit",
                        0.42795610427856445,
                        0.0088070000000000006,
                        0.032323999999999999,
                        312352,
                        377404,
                        0.0,
                        0.0,
                        1694164080.0059161,
                        102716996350626
                    ],
                    "sub": []
                },
                {
                    "stat": [
                        "doPostDesignResolutionToVir2Vcs",
                        "entry",
                        0.43050789833068848,
                        0.0088070000000000006,
                        0.035284999999999997,
                        294304,
                        377404,
                        0.0,
                        0.0,
                        1694164080.0084679,
                        102717004464450
                    ],
                    "sub": [
                        {
                            "stat": [
                                "doUptoVir2VcsNoSepCleanup",
                                "entry",
                                0.4349370002746582,
                                0.0088070000000000006,
                                0.037053999999999997,
                                294496,
                                377404,
                                0.0,
                                0.0,
                                1694164080.012897,
                                102717018791618
                            ],
                            "sub": []
                        },
                        {
                            "stat": [
                                "doUptoVir2VcsNoSepCleanup",
                                "exit",
                                0.45041990280151367,
                                0.0088070000000000006,
                                0.042617000000000002,
                                295264,
                                377404,
                                0.0064489999999999999,
                                0.002274,
                                1694164080.0283799,
                                102717068083970
                            ],
                            "sub": []
                        },
                        {
                            "stat": [
                                "doRadify_vir2vcsAll",
                                "entry",
                                0.45046305656433105,
                                0.0088070000000000006,
                                0.042660999999999998,
                                295264,
                                377404,
                                0.013518000000000001,
                                0.014662,
                                1694164080.0284231,
                                102717068163298
                            ],
                            "sub": []
                        },
                        {
                            "stat": [
                                "doRadify_vir2vcsAll",
                                "exit",
                                0.45195603370666504,
                                0.0103,
                                0.042660999999999998,
                                296864,
                                377404,
                                0.013518000000000001,
                                0.014662,
                                1694164080.029916,
                                102717072975106
                            ],
                            "sub": []
                        }
                    ]
                },
                {
                    "stat": [
                        "doPostDesignResolutionToVir2Vcs",
                        "exit",
                        0.45198202133178711,
                        0.010326,
                        0.042660999999999998,
                        296864,
                        377404,
                        0.013518000000000001,
                        0.014662,
                        1694164080.029942,
                        102717073018626
                    ],
                    "sub": []
                },
                {
                    "stat": [
                        "doGAToPass2",
                        "entry",
                        0.45199489593505859,
                        0.010338999999999999,
                        0.042660999999999998,
                        296864,
                        377404,
                        0.013518000000000001,
                        0.014662,
                        1694164080.0299549,
                        102717073056066
                    ],
                    "sub": [
                        {
                            "stat": [
                                "DoPass2",
                                "entry",
                                0.46840405464172363,
                                0.011108,
                                0.042660999999999998,
                                295308,
                                377404,
                                0.019036000000000001,
                                0.024802000000000001,
                                1694164080.0463641,
                                102717125532418
                            ],
                            "sub": []
                        },
                        {
                            "stat": [
                                "DoPass2",
                                "exit",
                                0.48287296295166016,
                                0.017054,
                                0.051164000000000001,
                                306048,
                                377404,
                                0.019036000000000001,
                                0.024802000000000001,
                                1694164080.060833,
                                102717171689026
                            ],