{
    "rlimit": {
        "data": -1,
        "stack": -1
    },
    "cycles_program_begin": 56039439394365,
    "NameTable": {
        "std": [
            "std",
            "reYIK",
            "module",
            1
        ],
        "tb": [
            "tb",
            "g7hgQ",
            "module",
            2
        ],
        "...MASTER...": [
            "SIM",
            "amcQw",
            "module",
            3
        ]
    },
    "perf": [
        {
            "stat": [
                "main",
                "entry",
                0.010163068771362305,
                0.019570000000000001,
                0.0097850000000000003,
                200688,
                200688,
                0.0,
                0.0,
                1694080690.8979981,
                56039439576573
            ],
            "sub": [
                {
                    "stat": [
                        "doParsingAndDesignResolution",
                        "entry",
                        0.33052206039428711,
                        0.019570000000000001,
                        0.018329000000000002,
                        209640,
                        210440,
                        0.0,
                        0.0,
                        1694080691.2183571,
                        56040462771453
                    ],
                    "sub": []
                },
                {
                    "stat": [
                        "doParsingAndDesignResolution",
                        "exit",
                        0.33511686325073242,
                        0.019570000000000001,
                        0.023414000000000001,
                        312348,
                        377404,
                        0.0,
                        0.0,
                        1694080691.2229519,
                        56040477458493
                    ],
                    "sub": []
                },
                {
                    "stat": [
                        "doPostDesignResolutionToVir2Vcs",
                        "entry",
                        0.33826398849487305,
                        0.019570000000000001,
                        0.026932999999999999,
                        294300,
                        377404,
                        0.0,
                        0.0,
                        1694080691.226099,
                        56040487556477
                    ],
                    "sub": [
                        {
                            "stat": [
                                "doUptoVir2VcsNoSepCleanup",
                                "entry",
                                0.33962202072143555,
                                0.019570000000000001,
                                0.028291,
                                294492,
                                377404,
                                0.0,
                                0.0,
                                1694080691.227457,
                                56040491803901
                            ],
                            "sub": []
                        },
                        {
                            "stat": [
                                "doUptoVir2VcsNoSepCleanup",
                                "exit",
                                0.35486793518066406,
                                0.019570000000000001,
                                0.034966999999999998,
                                295260,
                                377404,
                                0.0074710000000000002,
                                0.00089999999999999998,
                                1694080691.242703,
                                56040540553661
                            ],
                            "sub": []
                        },
                        {
                            "stat": [
                                "doRadify_vir2vcsAll",
                                "entry",
                                0.35492086410522461,
                                0.019570000000000001,
                                0.035020999999999997,
                                295260,
                                377404,
                                0.0074710000000000002,
                                0.00089999999999999998,
                                1694080691.2427559,
                                56040540642557
                            ],
                            "sub": []
                        },
                        {
                            "stat": [
                                "doRadify_vir2vcsAll",
                                "exit",
                                0.3572080135345459,
                                0.019570000000000001,
                                0.037307,
                                296952,
                                377404,
                                0.0074710000000000002,
                                0.00089999999999999998,
                                1694080691.245043,
                                56040547988253
                            ],
                            "sub": []
                        }
                    ]
                },
                {
                    "stat": [
                        "doPostDesignResolutionToVir2Vcs",
                        "exit",
                        0.35723304748535156,
                        0.019570000000000001,
                        0.037332999999999998,
                        296952,
                        377404,
                        0.0074710000000000002,
                        0.00089999999999999998,
                        1694080691.2450681,
                        56040548023773
                    ],
                    "sub": []
                },
                {
                    "stat": [
                        "doGAToPass2",
                        "entry",
                        0.35724306106567383,
                        0.019570000000000001,
                        0.037343000000000001,
                        296952,
                        377404,
                        0.0074710000000000002,
                        0.00089999999999999998,
                        1694080691.2450781,
                        56040548051421
                    ],
                    "sub": [
                        {
                            "stat": [
                                "DoPass2",
                                "entry",
                                0.3760230541229248,
                                0.019570000000000001,
                                0.038623999999999999,
                                295396,
                                377404,
                                0.013559999999999999,
                                0.010553,
                                1694080691.2638581,
                                56040608102781
                            ],
                            "sub": []
                        },
                        {
                            "stat": [
                                "DoPass2",
                                "exit",
                                0.38890385627746582,
                                0.019570000000000001,
                                0.04981,
                                306080,
                                377404,
                                0.014866000000000001,
                                0.010553,
                                1694080691.2767389,
                                56040649207645
                            ],