{
    "cpu_cycles_pass2_start": 24749580650590,
    "cycles_program_begin": 24749039361055,
    "CurCompileUdps": {},
    "CompileProcesses": [
        "cgproc.14136.json"
    ],
    "perf": [
        {
            "sub": [
                {
                    "sub": [],
                    "stat": [
                        "doParsingAndDesignResolution",
                        "entry",
                        0.13564395904541016,
                        0.022190000000000001,
                        0.016011000000000001,
                        209640,
                        210440,
                        0.0,
                        0.0,
                        1692680166.2312679,
                        24749439196094
                    ]
                },
                {
                    "sub": [],
                    "stat": [
                        "doParsingAndDesignResolution",
                        "exit",
                        0.14044094085693359,
                        0.022190000000000001,
                        0.021371000000000001,
                        312368,
                        377404,
                        0.0,
                        0.0,
                        1692680166.2360649,
                        24749454537118
                    ]
                },
                {
                    "sub": [
                        {
                            "sub": [],
                            "stat": [
                                "doUptoVir2VcsNoSepCleanup",
                                "entry",
                                0.14452314376831055,
                                0.022190000000000001,
                                0.025760999999999999,
                                294496,
                                377404,
                                0.0,
                                0.0,
                                1692680166.2401471,
                                24749467530110
                            ]
                        },
                        {
                            "sub": [],
                            "stat": [
                                "doUptoVir2VcsNoSepCleanup",
                                "exit",
                                0.16083312034606934,
                                0.022190000000000001,
                                0.033316999999999999,
                                307744,
                                377404,
                                0.0070910000000000001,
                                0.00090499999999999999,
                                1692680166.2564571,
                                24749519669408
                            ]
                        },
                        {
                            "sub": [],
                            "stat": [
                                "doRadify_vir2vcsAll",
                                "entry",
                                0.16088199615478516,
                                0.022190000000000001,
                                0.033367000000000001,
                                307744,
                                377404,
                                0.0070910000000000001,
                                0.00090499999999999999,
                                1692680166.256506,
                                24749519758816
                            ]
                        },
                        {
                            "sub": [],
                            "stat": [
                                "doRadify_vir2vcsAll",
                                "exit",
                                0.16324901580810547,
                                0.022190000000000001,
                                0.035733000000000001,
                                307744,
                                377404,
                                0.0070910000000000001,
                                0.00090499999999999999,
                                1692680166.258873,
                                24749527356352
                            ]
                        }
                    ],
                    "stat": [
                        "doPostDesignResolutionToVir2Vcs",
                        "entry",
                        0.14313602447509766,
                        0.022190000000000001,
                        0.024374,
                        294304,
                        377404,
                        0.0,
                        0.0,
                        1692680166.23876,
                        24749463140414
                    ]
                },
                {
                    "sub": [],
                    "stat": [
                        "doPostDesignResolutionToVir2Vcs",
                        "exit",
                        0.16327309608459473,
                        0.022190000000000001,
                        0.035757999999999998,
                        307744,
                        377404,
                        0.0070910000000000001,
                        0.00090499999999999999,
                        1692680166.2588971,
                        24749527392256
                    ]
                },
                {
                    "sub": [
                        {
                            "sub": [],
                            "stat": [
                                "DoPass2",
                                "entry",
                                0.17992091178894043,
                                0.022190000000000001,
                                0.036905,
                                295468,
                                377404,
                                0.012434000000000001,
                                0.010423,
                                1692680166.2755449,
                                24749580639998
                            ]
                        },
                        {
                            "sub": [],
                            "stat": [
                                "DoPass2",
                                "exit",
                                0.18892812728881836,
                                0.022190000000000001,
                                0.04462,
                                303868,
                                377404,
                                0.013735000000000001,
                                0.010423,
                                1692680166.2845521,
                                24749609358206
                            ]
                        }
                    ],
                    "stat": [
                        "doGAToPass2",
                        "entry",
                        0.1632840633392334,
                        0.022190000000000001,
                        0.035769000000000002,
                        307744,
                        377404,
                        0.0070910000000000001,
                        0.00090499999999999999,
                        1692680166.258908,
                        24749527419424
                    ]
                },
                {
                    "sub": [],
                    "stat": [
                        "doGAToPass2",
                        "exit",
                        0.19091010093688965,
                        0.022190000000000001,
                        0.046601999999999998,
                        303868,
                        377404,
                        0.013735000000000001,
                        0.010423,
                        1692680166.2865341,
                        24749615692158
                    ]
                }
            ],