{
    "ObjArchives": [
        {
            "archive": "archive.7/_14136_archive_1.a",
            "objects": [
                [
                    "jNxLu_d.o",
                    11992
                ],
                [
                    "g7hgQ_d.o",
                    13356
                ],
                [
                    "amcQwB.o",
                    115346
                ]
            ],
            "size": 140694
        }
    ],
    "Modules": {
        "...MASTER...": {
            "start_perf": [
                0.18000102043151855,
                0.022190000000000001,
                0.036985999999999998,
                295468,
                377404,
                1692680166.275625,
                24749580832958
            ],
            "end_perf": [
                0.18226099014282227,
                0.022190000000000001,
                0.037953000000000001,
                296236,
                377404,
                24749588059134,
                0,
                0
            ],
            "child_modules": {
                "tb": 1,
                "std": 1,
                "_vcs_unit__2444631337": 1
            },
            "nQuads": 0,
            "nMops": 0,
            "nRouts": 5
        },
        "_vcs_unit__2444631337": {
            "start_perf": [
                0.18231701850891113,
                0.022190000000000001,
                0.038009000000000001,
                296236,
                377404,
                1692680166.277941,
                24749588224318
            ],
            "child_modules": {},
            "end_perf": [
                0.18445301055908203,
                0.022190000000000001,
                0.040143999999999999,
                302204,
                377404,
                24749595058046,
                4294967297,
                0
            ],
            "Compiled": "Yes",
            "Compiled Times": 8,
            "svclass": [
                "first",
                749,
                41,
                2,
                2,
                4294967297
            ],
            "nQuads": 28,
            "nMops": 83,
            "nRouts": 7
        },
        "tb": {
            "start_perf": [
                0.18586897850036621,
                0.022190000000000001,
                0.041561000000000001,
                302204,
                377404,
                1692680166.2814929,
                24749599560062
            ],
            "end_perf": [
                0.18791294097900391,
                0.022190000000000001,
                0.043603999999999997,
                302588,
                377404,
                24749606120734,
                12884901889,
                0
            ],
            "child_modules": {},
            "nRouts": 10,
            "Compiled": "Yes",
            "Compiled Times": 8,
            "nQuads": 79,
            "nMops": 340
        },
        "std": {
            "start_perf": [
                0.18447399139404297,
                0.022190000000000001,
                0.040166,
                302204,
                377404,
                1692680166.280098,
                24749595106718
            ],
            "child_modules": {},
            "end_perf": [
                0.18584299087524414,
                0.022190000000000001,
                0.041535000000000002,
                302204,
                377404,
                24749599503358,
                8589934594,
                0
            ],
            "Compiled": "Yes",
            "Compiled Times": 8,
            "svclass": [
                "$vcs_nba_dyn_obj",
                0,
                35,
                2,
                2,
                0,
                "sigprop$$",
                0,
                35,
                2,
                2,
                0,
                "process",
                0,
                200,
                8,
                8,
                0,
                "event",
                0,
                34,
                2,
                2,
                0,
                "mailbox",
                0,
                140,
                9,
                9,
                0,
                "semaphore",
                0,
                84,
                5,
                5,
                0
            ],
            "nQuads": 218,
            "nMops": 528,
            "nRouts": 33
        }
    },
    "CompUnits": {
        "jNxLu_d": {
            "text": 966,
            "mod": "_vcs_unit__2444631337",
            "out": "jNxLu_d.o",
            "bytes": 11992,
            "mode": 4,
            "cls": 749,
            "checksum": 0,
            "archive": "archive.7/_14136_archive_1.a"
        },
        "g7hgQ_d": {
            "text": 2475,
            "mod": "tb",
            "out": "g7hgQ_d.o",
            "bytes": 13356,
            "mode": 4,
            "checksum": 0,
            "archive": "archive.7/_14136_archive_1.a"
        }
    },
    "stat": {
        "ru_self_end": {
            "ru_majflt": 0,
            "ru_utime_sec": 0.022190000000000001,
            "ru_stime_sec": 0.046672999999999999,
            "ru_maxrss_kb": 117760,
            "ru_nvcsw": 52,
            "ru_minflt": 12608,
            "ru_nivcsw": 11
        },
        "ru_childs_end": {
            "ru_majflt": 0,
            "ru_utime_sec": 0.013735000000000001,
            "ru_stime_sec": 0.010423,
            "ru_maxrss_kb": 111212,
            "ru_nvcsw": 25,
            "ru_minflt": 5341,
            "ru_nivcsw": 11
        },
        "cpu_cycles_end": 24749615872094,
        "peak_mem_kb": 377404
    },
    "reusePaths": {
        "amcQw_d": {
            "icPath": "csrc"
        },
        "reYIK_d": {
            "icPath": "csrc"
        }
    }
}