{
    "Modules": {
        "...MASTER...": {
            "start_perf": [
                0.19140791893005371,
                0.026144000000000001,
                0.045141000000000001,
                295368,
                377396,
                1695108754.5789449,
                35676984062812
            ],
            "child_modules": {
                "tb": 1,
                "std": 1
            },
            "end_perf": [
                0.19376301765441895,
                0.026144000000000001,
                0.046210000000000001,
                296384,
                377396,
                35676991618670,
                0,
                0
            ],
            "nRouts": 5,
            "nQuads": 0,
            "nMops": 0
        },
        "tb": {
            "Compiled Times": 4,
            "start_perf": [
                0.19573402404785156,
                0.026144000000000001,
                0.048182000000000003,
                296924,
                377396,
                1695108754.583271,
                35676997874286
            ],
            "child_modules": {},
            "Compiled": "Yes",
            "end_perf": [
                0.19819188117980957,
                0.026144000000000001,
                0.050631000000000002,
                302228,
                377396,
                35677005754446,
                12884901889,
                0
            ],
            "nRouts": 14,
            "nQuads": 90,
            "nMops": 145
        },
        "std": {
            "start_perf": [
                0.19383096694946289,
                0.026144000000000001,
                0.046279000000000001,
                296384,
                377396,
                1695108754.581368,
                35676991814190
            ],
            "Compiled Times": 4,
            "child_modules": {},
            "svclass": [
                "$vcs_nba_dyn_obj",
                0,
                35,
                2,
                2,
                0,
                "sigprop$$",
                0,
                35,
                2,
                2,
                0,
                "process",
                0,
                200,
                8,
                8,
                0,
                "event",
                0,
                34,
                2,
                2,
                0,
                "mailbox",
                0,
                140,
                9,
                9,
                0,
                "semaphore",
                0,
                84,
                5,
                5,
                0
            ],
            "Compiled": "Yes",
            "end_perf": [
                0.19570708274841309,
                0.026144000000000001,
                0.048155000000000003,
                296924,
                377396,
                35676997815054,
                8589934594,
                0
            ],
            "nQuads": 218,
            "nMops": 528,
            "nRouts": 33
        }
    },
    "ObjArchives": [
        {
            "archive": "archive.3/_30186_archive_1.a",
            "size": 127796,
            "objects": [
                [
                    "g7hgQ_d.o",
                    12272
                ],
                [
                    "amcQwB.o",
                    115524
                ]
            ]
        }
    ],
    "CompUnits": {
        "g7hgQ_d": {
            "checksum": 0,
            "mod": "tb",
            "archive": "archive.3/_30186_archive_1.a",
            "out": "g7hgQ_d.o",
            "bytes": 12272,
            "mode": 4,
            "text": 1779
        }
    },
    "reusePaths": {
        "amcQw_d": {
            "icPath": "csrc"
        },
        "reYIK_d": {
            "icPath": "csrc"
        }
    },
    "stat": {
        "ru_self_end": {
            "ru_nivcsw": 15,
            "ru_utime_sec": 0.026144000000000001,
            "ru_stime_sec": 0.05382,
            "ru_majflt": 0,
            "ru_maxrss_kb": 117544,
            "ru_minflt": 12436,
            "ru_nvcsw": 47
        },
        "cpu_cycles_end": 35677015892974,
        "ru_childs_end": {
            "ru_nivcsw": 12,
            "ru_utime_sec": 0.01272,
            "ru_stime_sec": 0.011731999999999999,
            "ru_majflt": 0,
            "ru_maxrss_kb": 110984,
            "ru_minflt": 5351,
            "ru_nvcsw": 26
        },
        "peak_mem_kb": 377396
    }
}