{
    "cycles_program_begin": 41919007614911,
    "cpu_cycles_pass2_start": 41919618427967,
    "perf": [
        {
            "stat": [
                "main",
                "entry",
                0.011061906814575195,
                0.030751000000000001,
                0.0,
                200688,
                200688,
                0.0,
                0.0,
                1693140890.3862519,
                41919007811231
            ],
            "sub": [
                {
                    "stat": [
                        "doParsingAndDesignResolution",
                        "entry",
                        0.15582704544067383,
                        0.030751000000000001,
                        0.0078519999999999996,
                        209640,
                        210440,
                        0.0,
                        0.0,
                        1693140890.5310171,
                        41919470168767
                    ],
                    "sub": []
                },
                {
                    "stat": [
                        "doParsingAndDesignResolution",
                        "exit",
                        0.16088294982910156,
                        0.030751000000000001,
                        0.013246000000000001,
                        312392,
                        377404,
                        0.0,
                        0.0,
                        1693140890.536073,
                        41919486502207
                    ],
                    "sub": []
                },
                {
                    "stat": [
                        "doPostDesignResolutionToVir2Vcs",
                        "entry",
                        0.16358494758605957,
                        0.030751000000000001,
                        0.016884,
                        294320,
                        377404,
                        0.0,
                        0.0,
                        1693140890.538775,
                        41919494939295
                    ],
                    "sub": [
                        {
                            "stat": [
                                "doUptoVir2VcsNoSepCleanup",
                                "entry",
                                0.16510796546936035,
                                0.030751000000000001,
                                0.018407,
                                294544,
                                377404,
                                0.0,
                                0.0,
                                1693140890.540298,
                                41919499785471
                            ],
                            "sub": []
                        },
                        {
                            "stat": [
                                "doUptoVir2VcsNoSepCleanup",
                                "exit",
                                0.18335986137390137,
                                0.030751000000000001,
                                0.026526000000000001,
                                307792,
                                377404,
                                0.0063990000000000002,
                                0.002313,
                                1693140890.5585499,
                                41919558115103
                            ],
                            "sub": []
                        },
                        {
                            "stat": [
                                "doRadify_vir2vcsAll",
                                "entry",
                                0.18340492248535156,
                                0.030751000000000001,
                                0.026572999999999999,
                                307792,
                                377404,
                                0.0063990000000000002,
                                0.002313,
                                1693140890.5585949,
                                41919558198111
                            ],
                            "sub": []
                        },
                        {
                            "stat": [
                                "doRadify_vir2vcsAll",
                                "exit",
                                0.18590593338012695,
                                0.030751000000000001,
                                0.029073000000000002,
                                307792,
                                377404,
                                0.0063990000000000002,
                                0.002313,
                                1693140890.561096,
                                41919566225407
                            ],
                            "sub": []
                        }
                    ]
                },
                {
                    "stat": [
                        "doPostDesignResolutionToVir2Vcs",
                        "exit",
                        0.18593096733093262,
                        0.030751000000000001,
                        0.029099,
                        307792,
                        377404,
                        0.0063990000000000002,
                        0.002313,
                        1693140890.561121,
                        41919566261567
                    ],
                    "sub": []
                },
                {
                    "stat": [
                        "doGAToPass2",
                        "entry",
                        0.18594193458557129,
                        0.030751000000000001,
                        0.029108999999999999,
                        307792,
                        377404,
                        0.0063990000000000002,
                        0.002313,
                        1693140890.561132,
                        41919566289119
                    ],
                    "sub": [
                        {
                            "stat": [
                                "DoPass2",
                                "entry",
                                0.20224189758300781,
                                0.030751000000000001,
                                0.030121999999999999,
                                295656,
                                377404,
                                0.010427000000000001,
                                0.013849,
                                1693140890.5774319,
                                41919618419103
                            ],
                            "sub": []
                        },
                        {
                            "stat": [
                                "DoPass2",
                                "exit",
                                0.21771001815795898,
                                0.030751000000000001,
                                0.043637000000000002,
                                303988,
                                377404,
                                0.010427000000000001,
                                0.015809,
                                1693140890.5929,
                                41919667809743
                            ],
                            "sub": []
                        }
                    ]
                },
                {
                    "stat": [
                        "doGAToPass2",
                        "exit",
                        0.22022891044616699,
                        0.030751000000000001,
                        0.046031000000000002,
                        303988,
                        377404,
                        0.010427000000000001,
                        0.015809,
                        1693140890.5954189,
                        41919675947855
                    ],