{
    "Modules": {
        "...MASTER...": {
            "nRouts": 5,
            "nQuads": 0,
            "child_modules": {
                "std": 1,
                "tb": 1,
                "_vcs_unit__2444631337": 1
            },
            "start_perf": [
                0.20231389999389648,
                0.030751000000000001,
                0.030196000000000001,
                295656,
                377404,
                1693140890.5775039,
                41919618593407
            ],
            "end_perf": [
                0.20553398132324219,
                0.030751000000000001,
                0.031460000000000002,
                296424,
                377404,
                41919628939999,
                0,
                0
            ],
            "nMops": 0
        },
        "_vcs_unit__2444631337": {
            "nRouts": 11,
            "child_modules": {},
            "nQuads": 74,
            "start_perf": [
                0.20562195777893066,
                0.030751000000000001,
                0.031548,
                296424,
                377404,
                1693140890.580812,
                41919629162367
            ],
            "Compiled": "Yes",
            "end_perf": [
                0.20964598655700684,
                0.030751000000000001,
                0.035571999999999999,
                302580,
                377404,
                41919642047663,
                4294967297,
                0
            ],
            "Compiled Times": 4,
            "svclass": [
                "first",
                1297,
                104,
                3,
                3,
                4294967297,
                "second",
                1394,
                116,
                3,
                3,
                4294967307
            ],
            "nMops": 220
        },
        "std": {
            "nRouts": 33,
            "child_modules": {},
            "nQuads": 436,
            "start_perf": [
                0.20967698097229004,
                0.030751000000000001,
                0.035603999999999997,
                302580,
                377404,
                1693140890.584867,
                41919642105967
            ],
            "Compiled": "Yes",
            "end_perf": [
                0.21445608139038086,
                0.030751000000000001,
                0.040382000000000001,
                302580,
                377404,
                41919657414831,
                8589934594,
                0
            ],
            "Compiled Times": 4,
            "svclass": [
                "$vcs_nba_dyn_obj",
                576,
                35,
                2,
                2,
                0,
                "sigprop$$",
                576,
                35,
                2,
                2,
                0,
                "process",
                2380,
                200,
                8,
                8,
                0,
                "event",
                597,
                34,
                2,
                2,
                0,
                "mailbox",
                1769,
                140,
                9,
                9,
                0,
                "semaphore",
                1119,
                83,
                5,
                5,
                0
            ],
            "nMops": 1055
        },
        "tb": {
            "nRouts": 9,
            "nQuads": 49,
            "child_modules": {},
            "start_perf": [
                0.21448993682861328,
                0.030751000000000001,
                0.040417000000000002,
                302580,
                377404,
                1693140890.58968,
                41919657479791
            ],
            "Compiled": "Yes",
            "end_perf": [
                0.21639800071716309,
                0.030751000000000001,
                0.042324000000000001,
                302580,
                377404,
                41919663631983,
                12884901889,
                0
            ],
            "Compiled Times": 4,
            "nMops": 169
        }
    },
    "ObjArchives": [
        {
            "archive": "archive.3/_17559_archive_1.a",
            "size": 192206,
            "objects": [
                [
                    "jNxLu_d.o",
                    20558
                ],
                [
                    "reYIK_d.o",
                    43000
                ],
                [
                    "g7hgQ_d.o",
                    12472
                ],
                [
                    "amcQwB.o",
                    116176
                ]
            ]
        }
    ],
    "reusePaths": {
        "amcQw_d": {
            "icPath": "csrc"
        }
    },
    "CompUnits": {
        "jNxLu_d": {
            "checksum": 0,
            "mod": "_vcs_unit__2444631337",
            "cls": 2691,
            "out": "jNxLu_d.o",
            "bytes": 20558,
            "text": 2937,
            "mode": 4,
            "archive": "archive.3/_17559_archive_1.a"
        },
        "reYIK_d": {
            "checksum": 0,
            "mod": "std",
            "cls": 7017,
            "out": "reYIK_d.o",
            "bytes": 43000,
            "text": 7325,
            "mode": 4,
            "archive": "archive.3/_17559_archive_1.a"
        },
        "g7hgQ_d": {
            "checksum": 0,
            "mod": "tb",
            "out": "g7hgQ_d.o",
            "bytes": 12472,
            "text": 1521,
            "mode": 4,
            "archive": "archive.3/_17559_archive_1.a"
        }
    },
    "stat": {
        "peak_mem_kb": 377404,
        "cpu_cycles_end": 41919676120623,
        "ru_self_end": {
            "ru_stime_sec": 0.046135000000000002,
            "ru_utime_sec": 0.030751000000000001,
            "ru_maxrss_kb": 117416,
            "ru_nivcsw": 17,
            "ru_majflt": 0,
            "ru_minflt": 12629,
            "ru_nvcsw": 55
        },
        "ru_childs_end": {
            "ru_stime_sec": 0.015809,
            "ru_utime_sec": 0.010427000000000001,
            "ru_maxrss_kb": 111424,
            "ru_nivcsw": 5,
            "ru_majflt": 0,
            "ru_minflt": 5341,
            "ru_nvcsw": 25
        }
    }
}