{
    "Modules": {
        "...MASTER...": {
            "start_perf": [
                0.18269610404968262,
                0.011794000000000001,
                0.047097,
                295680,
                377404,
                1693052060.362709,
                82202008280131
            ],
            "child_modules": {
                "tb": 1,
                "std": 1,
                "_vcs_unit__2444631337": 1
            },
            "end_perf": [
                0.18512916564941406,
                0.011794000000000001,
                0.048098000000000002,
                296336,
                377404,
                82202016079395,
                0,
                0
            ],
            "nQuads": 0,
            "nMops": 0,
            "nRouts": 5
        },
        "_vcs_unit__2444631337": {
            "start_perf": [
                0.18525600433349609,
                0.011794000000000001,
                0.048179,
                296336,
                377404,
                1693052060.3652689,
                82202016475011
            ],
            "Compiled Times": 4,
            "svclass": [
                "first",
                896,
                75,
                2,
                2,
                4294967297,
                "second",
                1560,
                154,
                2,
                2,
                4294967301
            ],
            "child_modules": {},
            "end_perf": [
                0.1889340877532959,
                0.013639,
                0.050012000000000001,
                302612,
                377404,
                82202028222947,
                4294967297,
                0
            ],
            "Compiled": "Yes",
            "nQuads": 132,
            "nMops": 458,
            "nRouts": 9
        },
        "tb": {
            "Compiled Times": 4,
            "start_perf": [
                0.19028496742248535,
                0.013929,
                0.051074000000000001,
                302612,
                377404,
                1693052060.3702979,
                82202032515971
            ],
            "child_modules": {},
            "end_perf": [
                0.19225406646728516,
                0.013929,
                0.053041999999999999,
                302612,
                377404,
                82202038994947,
                12884901889,
                0
            ],
            "Compiled": "Yes",
            "nQuads": 101,
            "nMops": 370,
            "nRouts": 10
        },
        "std": {
            "start_perf": [
                0.18895697593688965,
                0.013644,
                0.050029999999999998,
                302612,
                377404,
                1693052060.3689699,
                82202028275235
            ],
            "Compiled Times": 4,
            "svclass": [
                "$vcs_nba_dyn_obj",
                0,
                35,
                2,
                2,
                0,
                "sigprop$$",
                0,
                35,
                2,
                2,
                0,
                "process",
                0,
                200,
                8,
                8,
                0,
                "event",
                0,
                34,
                2,
                2,
                0,
                "mailbox",
                0,
                140,
                9,
                9,
                0,
                "semaphore",
                0,
                84,
                5,
                5,
                0
            ],
            "child_modules": {},
            "end_perf": [
                0.1902611255645752,
                0.013923,
                0.051054000000000002,
                302612,
                377404,
                82202032460259,
                8589934594,
                0
            ],
            "Compiled": "Yes",
            "nQuads": 218,
            "nMops": 528,
            "nRouts": 33
        }
    },
    "stat": {
        "cpu_cycles_end": 82202048698115,
        "ru_self_end": {
            "ru_nivcsw": 29,
            "ru_utime_sec": 0.013929,
            "ru_stime_sec": 0.056108999999999999,
            "ru_maxrss_kb": 117580,
            "ru_minflt": 12657,
            "ru_majflt": 0,
            "ru_nvcsw": 53
        },
        "ru_childs_end": {
            "ru_nivcsw": 8,
            "ru_utime_sec": 0.016662,
            "ru_stime_sec": 0.0079909999999999998,
            "ru_maxrss_kb": 109844,
            "ru_minflt": 5341,
            "ru_majflt": 0,
            "ru_nvcsw": 26
        },
        "peak_mem_kb": 377404
    },
    "CompUnits": {
        "g7hgQ_d": {
            "text": 2529,
            "mod": "tb",
            "out": "g7hgQ_d.o",
            "mode": 4,
            "bytes": 14502,
            "checksum": 0,
            "archive": "archive.3/_35024_archive_1.a"
        },
        "jNxLu_d": {
            "text": 2677,
            "mod": "_vcs_unit__2444631337",
            "out": "jNxLu_d.o",
            "mode": 4,
            "bytes": 18862,
            "cls": 2456,
            "checksum": 0,
            "archive": "archive.3/_35024_archive_1.a"
        }
    },
    "reusePaths": {
        "amcQw_d": {
            "icPath": "csrc"
        },
        "reYIK_d": {
            "icPath": "csrc"
        }
    },
    "ObjArchives": [
        {
            "archive": "archive.3/_35024_archive_1.a",
            "objects": [
                [
                    "jNxLu_d.o",
                    18862
                ],
                [
                    "g7hgQ_d.o",
                    14502
                ],
                [
                    "amcQwB.o",
                    115580
                ]
            ],
            "size": 148944
        }
    ]
}