{
    "ObjArchives": [
        {
            "archive": "archive.1/_23546_archive_1.a",
            "objects": [
                [
                    "jNxLu_d.o",
                    13330
                ],
                [
                    "g7hgQ_d.o",
                    15264
                ],
                [
                    "amcQwB.o",
                    115322
                ]
            ],
            "size": 143916
        }
    ],
    "CompUnits": {
        "jNxLu_d": {
            "checksum": 0,
            "mod": "_vcs_unit__2444631337",
            "bytes": 13330,
            "out": "jNxLu_d.o",
            "text": 966,
            "archive": "archive.1/_23546_archive_1.a",
            "mode": 4,
            "cls": 749
        },
        "g7hgQ_d": {
            "checksum": 0,
            "mod": "tb",
            "bytes": 15264,
            "out": "g7hgQ_d.o",
            "text": 3170,
            "archive": "archive.1/_23546_archive_1.a",
            "mode": 4
        }
    },
    "Modules": {
        "...MASTER...": {
            "start_perf": [
                0.28577494621276855,
                0.017638000000000001,
                0.045859999999999998,
                295560,
                377404,
                1693660804.884753,
                10414373716925
            ],
            "child_modules": {
                "std": 1,
                "tb": 1,
                "_vcs_unit__2444631337": 1
            },
            "nRouts": 5,
            "end_perf": [
                0.2882380485534668,
                0.017916000000000001,
                0.046582999999999999,
                296440,
                377404,
                10414381600349,
                0,
                0
            ],
            "nQuads": 0,
            "nMops": 0
        },
        "_vcs_unit__2444631337": {
            "start_perf": [
                0.28831005096435547,
                0.017930000000000001,
                0.046620000000000002,
                296440,
                377404,
                1693660804.8872881,
                10414381810237
            ],
            "child_modules": {},
            "Compiled": "Yes",
            "Compiled Times": 2,
            "nQuads": 28,
            "nRouts": 8,
            "svclass": [
                "generator",
                749,
                41,
                3,
                2,
                4294967297
            ],
            "end_perf": [
                0.29052305221557617,
                0.017930000000000001,
                0.048833000000000001,
                302220,
                377404,
                10414388889693,
                4294967297,
                0
            ],
            "nMops": 83
        },
        "std": {
            "start_perf": [
                0.29054594039916992,
                0.017930000000000001,
                0.048855999999999997,
                302220,
                377404,
                1693660804.889524,
                10414388939549
            ],
            "child_modules": {},
            "Compiled": "Yes",
            "Compiled Times": 2,
            "nQuads": 218,
            "nRouts": 33,
            "svclass": [
                "$vcs_nba_dyn_obj",
                0,
                35,
                2,
                2,
                0,
                "sigprop$$",
                0,
                35,
                2,
                2,
                0,
                "process",
                0,
                200,
                8,
                8,
                0,
                "event",
                0,
                34,
                2,
                2,
                0,
                "mailbox",
                0,
                140,
                9,
                9,
                0,
                "semaphore",
                0,
                84,
                5,
                5,
                0
            ],
            "end_perf": [
                0.29182887077331543,
                0.017930000000000001,
                0.050139000000000003,
                302220,
                377404,
                10414393062589,
                8589934594,
                0
            ],
            "nMops": 528
        },
        "tb": {
            "start_perf": [
                0.29185390472412109,
                0.017930000000000001,
                0.050164,
                302220,
                377404,
                1693660804.8908319,
                10414393118397
            ],
            "child_modules": {},
            "Compiled": "Yes",
            "nQuads": 234,
            "Compiled Times": 2,
            "nRouts": 17,
            "end_perf": [
                0.29486083984375,
                0.018700999999999999,
                0.052365000000000002,
                302412,
                377404,
                10414402753117,
                12884901889,
                0
            ],
            "nMops": 668
        }
    },
    "reusePaths": {
        "amcQw_d": {
            "icPath": "csrc"
        },
        "reYIK_d": {
            "icPath": "csrc"
        }
    },
    "stat": {
        "ru_childs_end": {
            "ru_maxrss_kb": 110604,
            "ru_utime_sec": 0.018977999999999998,
            "ru_stime_sec": 0.0062789999999999999,
            "ru_minflt": 5342,
            "ru_nivcsw": 8,
            "ru_majflt": 0,
            "ru_nvcsw": 26
        },
        "ru_self_end": {
            "ru_maxrss_kb": 118372,
            "ru_utime_sec": 0.018953000000000001,
            "ru_stime_sec": 0.055100000000000003,
            "ru_minflt": 12618,
            "ru_nivcsw": 56,
            "ru_majflt": 3,
            "ru_nvcsw": 55
        },
        "cpu_cycles_end": 10414412419197,
        "peak_mem_kb": 377404
    }
}