{
    "NameTable": {
        "tb": [
            "tb",
            "g7hgQ",
            "module",
            3
        ],
        "_vcs_unit__2444631337": [
            "_vcs_unit__2444631337",
            "jNxLu",
            "module",
            1
        ],
        "std": [
            "std",
            "reYIK",
            "module",
            2
        ],
        "...MASTER...": [
            "SIM",
            "amcQw",
            "module",
            4
        ]
    },
    "cpu_cycles_pass2_start": 43084570866238,
    "cycles_program_begin": 43084015611535,
    "MlibObjs": {},
    "perf": [
        {
            "stat": [
                "main",
                "entry",
                0.010018110275268555,
                0.019987000000000001,
                0.0099930000000000001,
                200688,
                200688,
                0.0,
                0.0,
                1693825661.3600581,
                43084015800495
            ],
            "sub": [
                {
                    "stat": [
                        "doParsingAndDesignResolution",
                        "entry",
                        0.13814401626586914,
                        0.019987000000000001,
                        0.018335000000000001,
                        209640,
                        210440,
                        0.0,
                        0.0,
                        1693825661.488184,
                        43084425012336
                    ],
                    "sub": []
                },
                {
                    "stat": [
                        "doParsingAndDesignResolution",
                        "exit",
                        0.14299106597900391,
                        0.019987000000000001,
                        0.023245999999999999,
                        312368,
                        377404,
                        0.0,
                        0.0,
                        1693825661.493031,
                        43084440482608
                    ],
                    "sub": []
                },
                {
                    "stat": [
                        "doPostDesignResolutionToVir2Vcs",
                        "entry",
                        0.14594292640686035,
                        0.019987000000000001,
                        0.027178999999999998,
                        294304,
                        377404,
                        0.0,
                        0.0,
                        1693825661.4959829,
                        43084449900592
                    ],
                    "sub": [
                        {
                            "stat": [
                                "doUptoVir2VcsNoSepCleanup",
                                "entry",
                                0.14734697341918945,
                                0.019987000000000001,
                                0.028583999999999998,
                                294496,
                                377404,
                                0.0,
                                0.0,
                                1693825661.4973869,
                                43084454363952
                            ],
                            "sub": []
                        },
                        {
                            "stat": [
                                "doUptoVir2VcsNoSepCleanup",
                                "exit",
                                0.16488409042358398,
                                0.019987000000000001,
                                0.036371000000000001,
                                295264,
                                377404,
                                0.0069420000000000003,
                                0.0019499999999999999,
                                1693825661.514924,
                                43084510420030
                            ],
                            "sub": []
                        },
                        {
                            "stat": [
                                "doRadify_vir2vcsAll",
                                "entry",
                                0.16493105888366699,
                                0.019987000000000001,
                                0.036419,
                                295264,
                                377404,
                                0.0069420000000000003,
                                0.0019499999999999999,
                                1693825661.514971,
                                43084510502366
                            ],
                            "sub": []
                        },
                        {
                            "stat": [
                                "doRadify_vir2vcsAll",
                                "exit",
                                0.1673121452331543,
                                0.019987000000000001,
                                0.038799,
                                297180,
                                377404,
                                0.0069420000000000003,
                                0.0019499999999999999,
                                1693825661.5173521,
                                43084518153118
                            ],
                            "sub": []
                        }
                    ]
                },
                {
                    "stat": [
                        "doPostDesignResolutionToVir2Vcs",
                        "exit",
                        0.16733813285827637,
                        0.019987000000000001,
                        0.038825999999999999,
                        297180,
                        377404,
                        0.0069420000000000003,
                        0.0019499999999999999,
                        1693825661.5173781,
                        43084518188510
                    ],
                    "sub": []
                },
                {
                    "stat": [
                        "doGAToPass2",
                        "entry",
                        0.16734910011291504,
                        0.019987000000000001,
                        0.038837000000000003,
                        297180,
                        377404,
                        0.0069420000000000003,
                        0.0019499999999999999,
                        1693825661.5173891,
                        43084518214558
                    ],
                    "sub": [
                        {
                            "stat": [
                                "DoPass2",
                                "entry",
                                0.18380904197692871,
                                0.019987000000000001,
                                0.039791,
                                295624,
                                377404,
                                0.012559000000000001,
                                0.012038999999999999,
                                1693825661.533849,
                                43084570857534
                            ],
                            "sub": []
                        },
                        {
                            "stat": [
                                "DoPass2",
                                "exit",
                                0.19266510009765625,
                                0.019987000000000001,
                                0.047098000000000001,
                                304228,
                                377404,
                                0.014106,
                                0.012038999999999999,
                                1693825661.5427051,
                                43084599108766
                            ],