{
    "Modules": {
        "...MASTER...": {
            "start_perf": [
                0.18387913703918457,
                0.019987000000000001,
                0.039862000000000002,
                295624,
                377404,
                1693825661.5339191,
                43084571023710
            ],
            "child_modules": {
                "std": 1,
                "_vcs_unit__2444631337": 1,
                "tb": 1
            },
            "end_perf": [
                0.18653607368469238,
                0.019987000000000001,
                0.040986000000000002,
                296436,
                377404,
                43084579550718,
                0,
                0
            ],
            "nQuads": 0,
            "nMops": 0,
            "nRouts": 5
        },
        "tb": {
            "start_perf": [
                0.18911409378051758,
                0.019987000000000001,
                0.043565,
                297012,
                377404,
                1693825661.5391541,
                43084587737182
            ],
            "child_modules": {},
            "nRouts": 9,
            "Compiled": "Yes",
            "nQuads": 130,
            "Compiled Times": 2,
            "end_perf": [
                0.19163393974304199,
                0.019987000000000001,
                0.046078000000000001,
                302564,
                377404,
                43084595819934,
                12884901889,
                0
            ],
            "nMops": 487
        },
        "_vcs_unit__2444631337": {
            "start_perf": [
                0.18668413162231445,
                0.019987000000000001,
                0.041133999999999997,
                296436,
                377404,
                1693825661.5367241,
                43084579998974
            ],
            "child_modules": {},
            "nRouts": 8,
            "Compiled": "Yes",
            "svclass": [
                "first",
                0,
                42,
                3,
                2,
                4294967297
            ],
            "nQuads": 14,
            "Compiled Times": 2,
            "end_perf": [
                0.18773698806762695,
                0.019987000000000001,
                0.042187000000000002,
                296820,
                377404,
                43084583362654,
                4294967297,
                0
            ],
            "nMops": 42
        },
        "std": {
            "start_perf": [
                0.1877589225769043,
                0.019987000000000001,
                0.042209999999999998,
                296820,
                377404,
                1693825661.5377989,
                43084583411486
            ],
            "child_modules": {},
            "nRouts": 33,
            "Compiled": "Yes",
            "svclass": [
                "$vcs_nba_dyn_obj",
                0,
                35,
                2,
                2,
                0,
                "sigprop$$",
                0,
                35,
                2,
                2,
                0,
                "process",
                0,
                200,
                8,
                8,
                0,
                "event",
                0,
                34,
                2,
                2,
                0,
                "mailbox",
                0,
                140,
                9,
                9,
                0,
                "semaphore",
                0,
                84,
                5,
                5,
                0
            ],
            "nQuads": 218,
            "Compiled Times": 2,
            "end_perf": [
                0.18909001350402832,
                0.019987000000000001,
                0.043540000000000002,
                297012,
                377404,
                43084587682142,
                8589934594,
                0
            ],
            "nMops": 528
        }
    },
    "CompUnits": {
        "g7hgQ_d": {
            "text": 2073,
            "mod": "tb",
            "archive": "archive.1/_20222_archive_1.a",
            "out": "g7hgQ_d.o",
            "bytes": 13076,
            "mode": 4,
            "checksum": 0
        }
    },
    "ObjArchives": [
        {
            "archive": "archive.1/_20222_archive_1.a",
            "size": 128110,
            "objects": [
                [
                    "g7hgQ_d.o",
                    13076
                ],
                [
                    "amcQwB.o",
                    115034
                ]
            ]
        }
    ],
    "reusePaths": {
        "amcQw_d": {
            "icPath": "csrc"
        },
        "jNxLu_d": {
            "icPath": "csrc"
        },
        "reYIK_d": {
            "icPath": "csrc"
        }
    },
    "stat": {
        "peak_mem_kb": 377404,
        "ru_self_end": {
            "ru_utime_sec": 0.019987000000000001,
            "ru_nvcsw": 48,
            "ru_stime_sec": 0.049151,
            "ru_maxrss_kb": 117600,
            "ru_minflt": 12537,
            "ru_majflt": 0,
            "ru_nivcsw": 24
        },
        "ru_childs_end": {
            "ru_utime_sec": 0.014106,
            "ru_nvcsw": 26,
            "ru_stime_sec": 0.012038999999999999,
            "ru_maxrss_kb": 110516,
            "ru_minflt": 5342,
            "ru_majflt": 0,
            "ru_nivcsw": 4
        },
        "cpu_cycles_end": 43084605747710
    }
}