{
    "CompUnits": {
        "jNxLu_d": {
            "bytes": 21584,
            "mod": "_vcs_unit__2444631337",
            "out": "jNxLu_d.o",
            "archive": "archive.1/_20046_archive_1.a",
            "text": 3273,
            "cls": 3026,
            "mode": 4,
            "checksum": 0
        },
        "g7hgQ_d": {
            "bytes": 12672,
            "mod": "tb",
            "out": "g7hgQ_d.o",
            "archive": "archive.1/_20046_archive_1.a",
            "text": 2189,
            "mode": 4,
            "checksum": 0
        },
        "reYIK_d": {
            "bytes": 43000,
            "mod": "std",
            "out": "reYIK_d.o",
            "archive": "archive.1/_20046_archive_1.a",
            "text": 7325,
            "cls": 7017,
            "mode": 4,
            "checksum": 0
        }
    },
    "Modules": {
        "...MASTER...": {
            "start_perf": [
                0.26901102066040039,
                0.026268,
                0.043787,
                295528,
                377404,
                1693142967.239836,
                48552353418441
            ],
            "nQuads": 0,
            "child_modules": {
                "tb": 1,
                "std": 1,
                "_vcs_unit__2444631337": 1
            },
            "nRouts": 5,
            "end_perf": [
                0.27135896682739258,
                0.027237000000000001,
                0.043787,
                296360,
                377404,
                48552360935241,
                0,
                0
            ],
            "nMops": 0
        },
        "_vcs_unit__2444631337": {
            "start_perf": [
                0.27141594886779785,
                0.027293999999999999,
                0.043787,
                296360,
                377404,
                1693142967.2422409,
                48552361103145
            ],
            "Compiled Times": 2,
            "nQuads": 78,
            "child_modules": {},
            "nMops": 234,
            "Compiled": "Yes",
            "nRouts": 12,
            "end_perf": [
                0.2754359245300293,
                0.031304999999999999,
                0.043787,
                302596,
                377404,
                48552373969449,
                4294967297,
                0
            ],
            "svclass": [
                "first",
                1297,
                104,
                3,
                3,
                4294967297,
                "second",
                1729,
                130,
                4,
                4,
                4294967310
            ]
        },
        "tb": {
            "start_perf": [
                0.28142499923706055,
                0.037294000000000001,
                0.043787,
                302596,
                377404,
                1693142967.25225,
                48552393063036
            ],
            "nQuads": 134,
            "Compiled Times": 2,
            "child_modules": {},
            "nMops": 545,
            "Compiled": "Yes",
            "nRouts": 10,
            "end_perf": [
                0.28370904922485352,
                0.039578000000000002,
                0.043787,
                302596,
                377404,
                48552400390428,
                12884901889,
                0
            ]
        },
        "std": {
            "start_perf": [
                0.27546405792236328,
                0.031334000000000001,
                0.043787,
                302596,
                377404,
                1693142967.246289,
                48552374022313
            ],
            "Compiled Times": 2,
            "nQuads": 436,
            "child_modules": {},
            "nMops": 1055,
            "Compiled": "Yes",
            "nRouts": 33,
            "end_perf": [
                0.28138208389282227,
                0.037250999999999999,
                0.043787,
                302596,
                377404,
                48552392993500,
                8589934594,
                0
            ],
            "svclass": [
                "$vcs_nba_dyn_obj",
                576,
                35,
                2,
                2,
                0,
                "sigprop$$",
                576,
                35,
                2,
                2,
                0,
                "process",
                2380,
                200,
                8,
                8,
                0,
                "event",
                597,
                34,
                2,
                2,
                0,
                "mailbox",
                1769,
                140,
                9,
                9,
                0,
                "semaphore",
                1119,
                83,
                5,
                5,
                0
            ]
        }
    },
    "stat": {
        "ru_self_end": {
            "ru_nivcsw": 8,
            "ru_utime_sec": 0.039578000000000002,
            "ru_stime_sec": 0.047362000000000001,
            "ru_maxrss_kb": 117448,
            "ru_minflt": 12634,
            "ru_majflt": 2,
            "ru_nvcsw": 55
        },
        "ru_childs_end": {
            "ru_nivcsw": 9,
            "ru_utime_sec": 0.020454,
            "ru_stime_sec": 0.0053470000000000002,
            "ru_maxrss_kb": 109788,
            "ru_minflt": 5341,
            "ru_majflt": 0,
            "ru_nvcsw": 25
        },
        "cpu_cycles_end": 48552411758748,
        "peak_mem_kb": 377404
    },
    "reusePaths": {
        "amcQw_d": {
            "icPath": "csrc"
        }
    },
    "ObjArchives": [
        {
            "archive": "archive.1/_20046_archive_1.a",
            "objects": [
                [
                    "jNxLu_d.o",
                    21584
                ],
                [
                    "reYIK_d.o",
                    43000
                ],
                [
                    "g7hgQ_d.o",
                    12672
                ],
                [
                    "amcQwB.o",
                    116306
                ]
            ],
            "size": 193562
        }
    ]
}