{
    "rlimit": {
        "data": -1,
        "stack": -1
    },
    "MlibObjs": {},
    "cycles_program_begin": 20639165722719,
    "perf": [
        {
            "stat": [
                "main",
                "entry",
                0.010519027709960938,
                0.022196,
                0.0073980000000000001,
                200688,
                200688,
                0.0,
                0.0,
                1694411228.1465931,
                20639165916959
            ],
            "sub": [
                {
                    "stat": [
                        "doParsingAndDesignResolution",
                        "entry",
                        0.136199951171875,
                        0.023095999999999998,
                        0.014681,
                        209640,
                        210440,
                        0.0,
                        0.0,
                        1694411228.272274,
                        20639567353695
                    ],
                    "sub": []
                },
                {
                    "stat": [
                        "doParsingAndDesignResolution",
                        "exit",
                        0.14205598831176758,
                        0.023095999999999998,
                        0.020579,
                        312424,
                        377404,
                        0.0,
                        0.0,
                        1694411228.2781301,
                        20639586055103
                    ],
                    "sub": []
                },
                {
                    "stat": [
                        "doPostDesignResolutionToVir2Vcs",
                        "entry",
                        0.14456987380981445,
                        0.023095999999999998,
                        0.024861000000000001,
                        294340,
                        377404,
                        0.0,
                        0.0,
                        1694411228.2806439,
                        20639594064223
                    ],
                    "sub": [
                        {
                            "stat": [
                                "doUptoVir2VcsNoSepCleanup",
                                "entry",
                                0.14634799957275391,
                                0.023095999999999998,
                                0.02664,
                                294788,
                                377404,
                                0.0,
                                0.0,
                                1694411228.2824221,
                                20639599729823
                            ],
                            "sub": []
                        },
                        {
                            "stat": [
                                "doUptoVir2VcsNoSepCleanup",
                                "exit",
                                0.16432094573974609,
                                0.023095999999999998,
                                0.035999999999999997,
                                295460,
                                377404,
                                0.0055519999999999996,
                                0.0022369999999999998,
                                1694411228.300395,
                                20639657172607
                            ],
                            "sub": []
                        },
                        {
                            "stat": [
                                "doRadify_vir2vcsAll",
                                "entry",
                                0.16436386108398438,
                                0.023095999999999998,
                                0.036044,
                                295460,
                                377404,
                                0.0055519999999999996,
                                0.0022369999999999998,
                                1694411228.3004379,
                                20639657253151
                            ],
                            "sub": []
                        },
                        {
                            "stat": [
                                "doRadify_vir2vcsAll",
                                "exit",
                                0.16706085205078125,
                                0.023095999999999998,
                                0.038739999999999997,
                                297504,
                                377404,
                                0.0055519999999999996,
                                0.0022369999999999998,
                                1694411228.3031349,
                                20639665904319
                            ],
                            "sub": []
                        }
                    ]
                },
                {
                    "stat": [
                        "doPostDesignResolutionToVir2Vcs",
                        "exit",
                        0.16708493232727051,
                        0.023095999999999998,
                        0.038765000000000001,
                        297504,
                        377404,
                        0.0055519999999999996,
                        0.0022369999999999998,
                        1694411228.303159,
                        20639665942303
                    ],
                    "sub": []
                },
                {
                    "stat": [
                        "doGAToPass2",
                        "entry",
                        0.16709589958190918,
                        0.023095999999999998,
                        0.038775999999999998,
                        297504,
                        377404,
                        0.0055519999999999996,
                        0.0022369999999999998,
                        1694411228.30317,
                        20639665969471
                    ],
                    "sub": [
                        {
                            "stat": [
                                "DoPass2",
                                "entry",
                                0.18324995040893555,
                                0.023095999999999998,
                                0.039803999999999999,
                                295948,
                                377404,
                                0.0090410000000000004,
                                0.014182999999999999,
                                1694411228.319324,
                                20639717640607
                            ],
                            "sub": []
                        },
                        {
                            "stat": [
                                "DoPass2",
                                "exit",
                                0.19748783111572266,
                                0.024125000000000001,
                                0.051565,
                                304208,
                                377404,
                                0.0090410000000000004,
                                0.015657000000000001,
                                1694411228.3335619,
                                20639763079967
                            ],