{
    "Modules": {
        "...MASTER...": {
            "start_perf": [
                0.18332099914550781,
                0.023095999999999998,
                0.039876000000000002,
                295948,
                377404,
                1694411228.3193951,
                20639717812479
            ],
            "child_modules": {
                "tb": 1,
                "vcs_paramclassrepository": 1,
                "std": 1,
                "_vcs_unit__2444631337": 1
            },
            "end_perf": [
                0.18594598770141602,
                0.023095999999999998,
                0.041050999999999997,
                297388,
                377404,
                20639726228831,
                0,
                0
            ],
            "nQuads": 0,
            "nMops": 0,
            "nRouts": 5
        },
        "tb": {
            "start_perf": [
                0.19417500495910645,
                0.024125000000000001,
                0.048251000000000002,
                302544,
                377404,
                1694411228.3302491,
                20639752468671
            ],
            "Compiled": "Yes",
            "child_modules": {},
            "end_perf": [
                0.19649600982666016,
                0.024125000000000001,
                0.050571999999999999,
                302864,
                377404,
                20639759915999,
                12884901889,
                0
            ],
            "Compiled Times": 3,
            "nQuads": 190,
            "nMops": 722,
            "nRouts": 13
        },
        "vcs_paramclassrepository": {
            "start_perf": [
                0.18601703643798828,
                0.023095999999999998,
                0.041121999999999999,
                297388,
                377404,
                1694411228.3220911,
                20639726426911
            ],
            "child_modules": {},
            "Compiled": "Yes",
            "Compiled Times": 3,
            "end_perf": [
                0.18700504302978516,
                0.023095999999999998,
                0.042110000000000002,
                297388,
                377404,
                20639729589215,
                17179869185,
                0
            ],
            "svclass": [
                "std_mailbox_29806749563305226280_61",
                0,
                136,
                9,
                9,
                0
            ],
            "nQuads": 56,
            "nMops": 136,
            "nRouts": 14
        },
        "_vcs_unit__2444631337": {
            "start_perf": [
                0.18702602386474609,
                0.023095999999999998,
                0.042132000000000003,
                297388,
                377404,
                1694411228.3231001,
                20639729634015
            ],
            "child_modules": {},
            "Compiled": "Yes",
            "Compiled Times": 3,
            "end_perf": [
                0.19275593757629395,
                0.023651999999999999,
                0.047303999999999999,
                302544,
                377404,
                20639747977887,
                4294967297,
                0
            ],
            "svclass": [
                "transaction",
                749,
                41,
                2,
                2,
                4294967297,
                "generator",
                3059,
                351,
                5,
                3,
                4294967303,
                "driver",
                2325,
                204,
                5,
                3,
                4294967326
            ],
            "nQuads": 169,
            "nMops": 629,
            "nRouts": 17
        },
        "std": {
            "start_perf": [
                0.19278693199157715,
                0.023663,
                0.047326,
                302544,
                377404,
                1694411228.328861,
                20639748035199
            ],
            "child_modules": {},
            "Compiled": "Yes",
            "Compiled Times": 3,
            "end_perf": [
                0.19414901733398438,
                0.024117,
                0.048233999999999999,
                302544,
                377404,
                20639752414015,
                8589934594,
                0
            ],
            "svclass": [
                "$vcs_nba_dyn_obj",
                0,
                35,
                2,
                2,
                0,
                "sigprop$$",
                0,
                35,
                2,
                2,
                0,
                "process",
                0,
                200,
                8,
                8,
                0,
                "event",
                0,
                34,
                2,
                2,
                0,
                "mailbox",
                0,
                140,
                9,
                9,
                0,
                "semaphore",
                0,
                84,
                5,
                5,
                0
            ],
            "nQuads": 218,
            "nMops": 528,
            "nRouts": 33
        }
    },
    "CompUnits": {
        "jNxLu_d": {
            "mode": 4,
            "mod": "_vcs_unit__2444631337",
            "out": "jNxLu_d.o",
            "checksum": 0,
            "text": 6387,
            "bytes": 33832,
            "cls": 6133,
            "archive": "archive.2/_13497_archive_1.a"
        },
        "g7hgQ_d": {
            "mode": 4,
            "mod": "tb",
            "out": "g7hgQ_d.o",
            "checksum": 0,
            "text": 2905,
            "bytes": 14954,
            "archive": "archive.2/_13497_archive_1.a"
        }
    },
    "reusePaths": {
        "reYIK_d": {
            "icPath": "csrc"
        },
        "amcQw_d": {
            "icPath": "csrc"
        },
        "hEeZs_d": {
            "icPath": "csrc"
        }
    },
    "ObjArchives": [
        {
            "archive": "archive.2/_13497_archive_1.a",
            "objects": [
                [
                    "jNxLu_d.o",
                    33832
                ],
                [
                    "g7hgQ_d.o",
                    14954
                ],
                [
                    "amcQwB.o",
                    115914
                ]
            ],
            "size": 164700
        }
    ],
    "stat": {
        "ru_self_end": {
            "ru_stime_sec": 0.053607000000000002,
            "ru_utime_sec": 0.024125000000000001,
            "ru_nvcsw": 58,
            "ru_majflt": 0,
            "ru_maxrss_kb": 118512,
            "ru_minflt": 12828,
            "ru_nivcsw": 16
        },
        "ru_childs_end": {
            "ru_stime_sec": 0.015657000000000001,
            "ru_utime_sec": 0.0090410000000000004,
            "ru_nvcsw": 26,
            "ru_majflt": 0,
            "ru_maxrss_kb": 110800,
            "ru_minflt": 5342,
            "ru_nivcsw": 2
        },
        "cpu_cycles_end": 20639769561695,
        "peak_mem_kb": 377404
    }
}