{
    "cycles_program_begin": 77183856531039,
    "stat": {
        "ru_childs_end": {
            "ru_nivcsw": 10,
            "ru_maxrss_kb": 113220,
            "ru_utime_sec": 0.016681000000000001,
            "ru_majflt": 0,
            "ru_minflt": 5342,
            "ru_stime_sec": 0.0085810000000000001,
            "ru_nvcsw": 26
        },
        "peak_mem_kb": 377780,
        "ru_self_cgstart": {
            "ru_nivcsw": 27,
            "ru_maxrss_kb": 113220,
            "ru_utime_sec": 0.019664000000000001,
            "ru_majflt": 0,
            "ru_minflt": 11977,
            "ru_stime_sec": 0.054774999999999997,
            "ru_nvcsw": 53
        },
        "ru_childs_cgstart": {
            "ru_nivcsw": 10,
            "ru_maxrss_kb": 113220,
            "ru_utime_sec": 0.015199000000000001,
            "ru_majflt": 0,
            "ru_minflt": 5099,
            "ru_stime_sec": 0.0085810000000000001,
            "ru_nvcsw": 25
        },
        "cpu_cycles_cgstart": 77184443467871,
        "ru_self_end": {
            "ru_nivcsw": 39,
            "ru_maxrss_kb": 121380,
            "ru_utime_sec": 0.022738999999999999,
            "ru_majflt": 0,
            "ru_minflt": 13433,
            "ru_stime_sec": 0.069414000000000003,
            "ru_nvcsw": 55
        },
        "nMops": 2840,
        "nQuads": 937,
        "outputSizePerQuad": 159.991462113127,
        "totalObjSize": 149912,
        "cpu_cycles_end": 77184508374431,
        "cpu_cycles_total": 651843392,
        "Frontend(%)": 88.439878234398805,
        "CodeGen(%)": 11.560121765601197,
        "realTime": 0.21478104591369629
    },
    "perf": [
        {
            "stat": [
                "main",
                "entry",
                0.010709047317504883,
                0.015706999999999999,
                0.015706999999999999,
                200688,
                200688,
                0.0,
                0.0,
                1694686956.262008,
                77183856724863
            ],
            "sub": [
                {
                    "stat": [
                        "doParsingAndDesignResolution",
                        "entry",
                        0.1369171142578125,
                        0.016407999999999999,
                        0.023566,
                        209644,
                        210444,
                        0.0,
                        0.0,
                        1694686956.388216,
                        77184259813470
                    ],
                    "sub": []
                },
                {
                    "stat": [
                        "doParsingAndDesignResolution",
                        "exit",
                        0.14565801620483398,
                        0.019664000000000001,
                        0.030433999999999999,
                        312772,
                        377780,
                        0.0,
                        0.0,
                        1694686956.3969569,
                        77184287732862
                    ],
                    "sub": []
                },
                {
                    "stat": [
                        "doPostDesignResolutionToVir2Vcs",
                        "entry",
                        0.14881420135498047,
                        0.019664000000000001,
                        0.034407,
                        294644,
                        377780,
                        0.0,
                        0.0,
                        1694686956.4001131,
                        77184297802719
                    ],
                    "sub": [
                        {
                            "stat": [
                                "doUptoVir2VcsNoSepCleanup",
                                "entry",
                                0.15128397941589355,
                                0.019664000000000001,
                                0.036878000000000001,
                                295092,
                                377780,
                                0.0,
                                0.0,
                                1694686956.4025829,
                                77184305674015
                            ],
                            "sub": []
                        },
                        {
                            "stat": [
                                "doUptoVir2VcsNoSepCleanup",
                                "exit",
                                0.17313718795776367,
                                0.019664000000000001,
                                0.049936000000000001,
                                296212,
                                377780,
                                0.0059519999999999998,
                                0.0017880000000000001,
                                1694686956.4244361,
                                77184375498175
                            ],
                            "sub": []
                        },
                        {
                            "stat": [
                                "doRadify_vir2vcsAll",
                                "entry",
                                0.17318415641784668,
                                0.019664000000000001,
                                0.049984000000000001,
                                296212,
                                377780,
                                0.0059519999999999998,
                                0.0017880000000000001,
                                1694686956.4244831,
                                77184375582143
                            ],
                            "sub": []
                        },
                        {
                            "stat": [
                                "doRadify_vir2vcsAll",
                                "exit",
                                0.17731809616088867,
                                0.019664000000000001,
                                0.053508,
                                298188,
                                377780,
                                0.0059519999999999998,
                                0.0017880000000000001,
                                1694686956.428617,
                                77184388849311
                            ],
                            "sub": []
                        }
                    ]
                },
                {
                    "stat": [
                        "doPostDesignResolutionToVir2Vcs",
                        "exit",
                        0.17735099792480469,
                        0.019664000000000001,
                        0.053541999999999999,
                        298188,
                        377780,
                        0.0059519999999999998,
                        0.0017880000000000001,
                        1694686956.4286499,
                        77184388887231
                    ],
                    "sub": []
                },
                {
                    "stat": [
                        "doGAToPass2",
                        "entry",
                        0.17736220359802246,
                        0.019664000000000001,
                        0.053553000000000003,
                        298188,
                        377780,
                        0.0059519999999999998,
                        0.0017880000000000001,
                        1694686956.4286611,
                        77184388916927
                    ],