{
    "Modules": {
        "add": {
            "child_modules": {},
            "start_perf": [
                0.20539379119873047,
                0.037017000000000001,
                0.047981999999999997,
                303460,
                377780,
                1694687099.9533229,
                77642800835167
            ],
            "Compiled": "Yes",
            "nRouts": 19,
            "Compiled Times": 4,
            "nQuads": 59,
            "end_perf": [
                0.20621085166931152,
                0.037834,
                0.047981999999999997,
                303460,
                377780,
                77642803470783,
                21474836481,
                0
            ],
            "nMops": 141
        },
        "std": {
            "child_modules": {},
            "start_perf": [
                0.20131492614746094,
                0.034071999999999998,
                0.046849000000000002,
                303460,
                377780,
                1694687099.949244,
                77642787808351
            ],
            "Compiled": "Yes",
            "Compiled Times": 4,
            "nQuads": 218,
            "end_perf": [
                0.20269489288330078,
                0.034653000000000003,
                0.047648000000000003,
                303460,
                377780,
                77642792242271,
                8589934594,
                0
            ],
            "svclass": [
                "$vcs_nba_dyn_obj",
                0,
                35,
                2,
                2,
                0,
                "sigprop$$",
                0,
                35,
                2,
                2,
                0,
                "process",
                0,
                200,
                8,
                8,
                0,
                "event",
                0,
                34,
                2,
                2,
                0,
                "mailbox",
                0,
                140,
                9,
                9,
                0,
                "semaphore",
                0,
                84,
                5,
                5,
                0
            ],
            "nMops": 528,
            "nRouts": 33
        },
        "...MASTER...": {
            "child_modules": {
                "vcs_paramclassrepository": 1,
                "std": 1,
                "_vcs_unit__4011614891": 1,
                "tb": 1
            },
            "start_perf": [
                0.19042086601257324,
                0.029485999999999998,
                0.042122,
                296632,
                377780,
                1694687099.93835,
                77642753027487
            ],
            "nQuads": 0,
            "end_perf": [
                0.19306588172912598,
                0.029936999999999998,
                0.042768,
                298072,
                377780,
                77642761494431,
                0,
                0
            ],
            "nMops": 0,
            "nRouts": 5
        },
        "vcs_paramclassrepository": {
            "child_modules": {},
            "start_perf": [
                0.1931300163269043,
                0.029964000000000001,
                0.042805999999999997,
                298072,
                377780,
                1694687099.9410591,
                77642761677663
            ],
            "Compiled": "Yes",
            "Compiled Times": 4,
            "nQuads": 56,
            "end_perf": [
                0.19408798217773438,
                0.030358,
                0.043367999999999997,
                298072,
                377780,
                77642764750143,
                25769803777,
                0
            ],
            "svclass": [
                "std_mailbox_28099441781665632240_61",
                0,
                136,
                9,
                9,
                0
            ],
            "nMops": 136,
            "nRouts": 14
        },
        "add_if": {
            "child_modules": {},
            "start_perf": [
                0.20272088050842285,
                0.034664,
                0.047662999999999997,
                303460,
                377780,
                1694687099.95065,
                77642792300287
            ],
            "Compiled": "Yes",
            "Compiled Times": 4,
            "nQuads": 18,
            "end_perf": [
                0.20324993133544922,
                0.034886,
                0.047968999999999998,
                303460,
                377780,
                77642794011423,
                12884901889,
                0
            ],
            "svclass": [
                "add_if_vcs_virt_intf_C",
                0,
                0,
                0,
                0,
                0
            ],
            "nMops": 57,
            "nRouts": 9
        },
        "_vcs_unit__4011614891": {
            "child_modules": {},
            "start_perf": [
                0.19410991668701172,
                0.030367000000000002,
                0.043381999999999997,
                298072,
                377780,
                1694687099.942039,
                77642764796287
            ],
            "Compiled": "Yes",
            "Compiled Times": 4,
            "nQuads": 250,
            "end_perf": [
                0.20127391815185547,
                0.034055000000000002,
                0.046824999999999999,
                303460,
                377780,
                77642787739807,
                4294967297,
                0
            ],
            "svclass": [
                "transaction",
                1178,
                81,
                4,
                3,
                4294967300,
                "monitor",
                4485,
                564,
                10,
                3,
                4294967310,
                "scoreboard",
                2735,
                245,
                8,
                3,
                4294967333
            ],
            "nMops": 919,
            "nRouts": 31
        },
        "tb": {
            "child_modules": {
                "add": 1,
                "add_if": 1
            },
            "start_perf": [
                0.20327186584472656,
                0.034896000000000003,
                0.047981999999999997,
                303460,
                377780,
                1694687099.951201,
                77642794058495
            ],
            "Compiled": "Yes",
            "nRouts": 52,
            "Compiled Times": 4,
            "nQuads": 325,
            "end_perf": [
                0.20536994934082031,
                0.036992999999999998,
                0.047981999999999997,
                303460,
                377780,
                77642800789439,
                17179869185,
                0
            ],
            "nMops": 1028
        }
    },
    "CompUnits": {
        "FtJyq_d": {
            "mod": "_vcs_unit__4011614891",
            "out": "FtJyq_d.o",
            "mode": 4,
            "cls": 8398,
            "text": 9060,
            "bytes": 42938,
            "checksum": 0,
            "archive": "archive.3/_40829_archive_1.a"
        }
    },
    "reusePaths": {
        "amcQw_d": {
            "icPath": "csrc"
        },
        "hEeZs_d": {
            "icPath": "csrc"
        },
        "reYIK_d": {
            "icPath": "csrc"
        },
        "r1PsL_d": {
            "icPath": "csrc"
        },
        "GNaSz_d": {
            "icPath": "csrc"
        },
        "g7hgQ_d": {
            "icPath": "csrc"
        }
    },
    "ObjArchives": [
        {
            "archive": "archive.3/_40829_archive_1.a",