{
    "LVLData": [
        "SIM"
    ],
    "stat": {
        "ru_self_cgstart": {
            "ru_minflt": 11442,
            "ru_utime_sec": 0.021521999999999999,
            "ru_maxrss_kb": 112648,
            "ru_stime_sec": 0.043045,
            "ru_majflt": 0,
            "ru_nivcsw": 12,
            "ru_nvcsw": 54
        },
        "cpu_cycles_cgstart": 79158895581132,
        "nMops": 1839,
        "ru_self_end": {
            "ru_minflt": 12821,
            "ru_utime_sec": 0.021957000000000001,
            "ru_maxrss_kb": 119156,
            "ru_stime_sec": 0.057999000000000002,
            "ru_majflt": 0,
            "ru_nivcsw": 12,
            "ru_nvcsw": 56
        },
        "ru_childs_cgstart": {
            "ru_minflt": 5099,
            "ru_utime_sec": 0.017793,
            "ru_maxrss_kb": 112648,
            "ru_stime_sec": 0.0052919999999999998,
            "ru_majflt": 0,
            "ru_nivcsw": 16,
            "ru_nvcsw": 24
        },
        "totalObjSize": 160786,
        "nQuads": 609,
        "ru_childs_end": {
            "ru_minflt": 5342,
            "ru_utime_sec": 0.019635,
            "ru_maxrss_kb": 112648,
            "ru_stime_sec": 0.0052919999999999998,
            "ru_majflt": 0,
            "ru_nivcsw": 16,
            "ru_nvcsw": 25
        },
        "outputSizePerQuad": 264.01642036124792,
        "cpu_cycles_end": 79158950554892,
        "cpu_cycles_total": 614568192,
        "Frontend(%)": 94.52538949798037,
        "realTime": 0.20284008979797363,
        "CodeGen(%)": 5.4746105020196216,
        "peak_mem_kb": 377404
    },
    "CurCompileModules": [
        "...MASTER...",
        "vcs_paramclassrepository",
        "_vcs_unit__2444631337",
        "_vcs_unit__2444631337",
        "std",
        "tb",
        "tb"
    ],
    "cycles_program_begin": 79158335986700,
    "CompileStrategy": "fullobj",
    "perf": [
        {
            "stat": [
                "main",
                "entry",
                0.010435104370117188,
                0.0076239999999999997,
                0.022872,
                200688,
                200688,
                0.0,
                0.0,
                1694517741.0247531,
                79158336179788
            ],
            "sub": [
                {
                    "stat": [
                        "doParsingAndDesignResolution",
                        "entry",
                        0.13780593872070312,
                        0.0079500000000000005,
                        0.030412000000000002,
                        209640,
                        210440,
                        0.0,
                        0.0,
                        1694517741.1521239,
                        79158742963500
                    ],
                    "sub": []
                },
                {
                    "stat": [
                        "doParsingAndDesignResolution",
                        "exit",
                        0.14407992362976074,
                        0.010259000000000001,
                        0.035906,
                        312420,
                        377404,
                        0.0,
                        0.0,
                        1694517741.1583979,
                        79158763010668
                    ],
                    "sub": []
                },
                {
                    "stat": [
                        "doPostDesignResolutionToVir2Vcs",
                        "entry",
                        0.14675092697143555,
                        0.010924,
                        0.038237,
                        294344,
                        377404,
                        0.0,
                        0.0,
                        1694517741.1610689,
                        79158771608172
                    ],
                    "sub": [
                        {
                            "stat": [
                                "doUptoVir2VcsNoSepCleanup",
                                "entry",
                                0.14856100082397461,
                                0.011327,
                                0.039643999999999999,
                                294792,
                                377404,
                                0.0,
                                0.0,
                                1694517741.162879,
                                79158777281100
                            ],
                            "sub": []
                        },
                        {
                            "stat": [
                                "doUptoVir2VcsNoSepCleanup",
                                "exit",
                                0.1660010814666748,
                                0.020698999999999999,
                                0.039643999999999999,
                                307944,
                                377404,
                                0.0056379999999999998,
                                0.0018779999999999999,
                                1694517741.1803191,
                                79158833033452
                            ],
                            "sub": []
                        },
                        {
                            "stat": [
                                "doRadify_vir2vcsAll",
                                "entry",
                                0.16604900360107422,
                                0.020747000000000002,
                                0.039643999999999999,
                                307944,
                                377404,
                                0.0056379999999999998,
                                0.0018779999999999999,
                                1694517741.180367,
                                79158833115756
                            ],
                            "sub": []
                        },
                        {
                            "stat": [
                                "doRadify_vir2vcsAll",
                                "exit",
                                0.16893196105957031,
                                0.021085,
                                0.042171,
                                307944,
                                377404,
                                0.0056379999999999998,
                                0.0018779999999999999,
                                1694517741.18325,
                                79158842379020
                            ],
                            "sub": []
                        }
                    ]
                },
                {
                    "stat": [
                        "doPostDesignResolutionToVir2Vcs",
                        "exit",
                        0.16896295547485352,
                        0.021096,
                        0.042192,
                        307944,
                        377404,
                        0.0056379999999999998,
                        0.0018779999999999999,
                        1694517741.1832809,
                        79158842418668
                    ],
                    "sub": []
                },
                {
                    "stat": [
                        "doGAToPass2",
                        "entry",
                        0.16897296905517578,
                        0.021099,
                        0.042199,
                        307944,
                        377404,
                        0.0056379999999999998,
                        0.0018779999999999999,
                        1694517741.183291,
                        79158842446828
                    ],