{
    "CompUnits": {
        "jNxLu_d": {
            "mode": 4,
            "mod": "_vcs_unit__2444631337",
            "out": "jNxLu_d.o",
            "cls": 6967,
            "bytes": 32118,
            "text": 7215,
            "checksum": 0,
            "archive": "archive.2/_36858_archive_1.a"
        }
    },
    "Modules": {
        "vcs_paramclassrepository": {
            "child_modules": {},
            "start_perf": [
                0.19166302680969238,
                0.019997000000000001,
                0.044962000000000002,
                297212,
                379968,
                1694517789.0197229,
                79311627718280
            ],
            "Compiled": "Yes",
            "end_perf": [
                0.1926569938659668,
                0.020292999999999999,
                0.045658999999999998,
                297212,
                379968,
                79311630899240,
                17179869185,
                0
            ],
            "Compiled Times": 3,
            "nRouts": 14,
            "nQuads": 56,
            "svclass": [
                "std_mailbox_29806749563305226280_61",
                0,
                136,
                9,
                9,
                0
            ],
            "nMops": 136
        },
        "...MASTER...": {
            "child_modules": {
                "vcs_paramclassrepository": 1,
                "std": 1,
                "tb": 1,
                "_vcs_unit__2444631337": 1
            },
            "start_perf": [
                0.18902397155761719,
                0.019997000000000001,
                0.043730999999999999,
                295804,
                379968,
                1694517789.0170839,
                79311619277320
            ],
            "end_perf": [
                0.19159197807312012,
                0.019997000000000001,
                0.044889999999999999,
                297212,
                379968,
                79311627516328,
                0,
                0
            ],
            "nRouts": 5,
            "nQuads": 0,
            "nMops": 0
        },
        "_vcs_unit__2444631337": {
            "child_modules": {},
            "start_perf": [
                0.19267916679382324,
                0.020299999999999999,
                0.045675,
                297212,
                379968,
                1694517789.0207391,
                79311630943720
            ],
            "Compiled": "Yes",
            "end_perf": [
                0.19878315925598145,
                0.025742000000000001,
                0.046336000000000002,
                302648,
                379968,
                79311650478280,
                4294967297,
                0
            ],
            "Compiled Times": 3,
            "nRouts": 17,
            "nQuads": 201,
            "svclass": [
                "transaction",
                2349,
                213,
                5,
                4,
                4294967300,
                "generator",
                4618,
                476,
                7,
                3,
                4294967316
            ],
            "nMops": 689
        },
        "std": {
            "child_modules": {},
            "start_perf": [
                0.19881200790405273,
                0.025752000000000001,
                0.046355,
                302648,
                379968,
                1694517789.0268719,
                79311650535816
            ],
            "Compiled": "Yes",
            "end_perf": [
                0.20011997222900391,
                0.02622,
                0.047196000000000002,
                302648,
                379968,
                79311654739912,
                8589934594,
                0
            ],
            "Compiled Times": 3,
            "nRouts": 33,
            "nQuads": 218,
            "svclass": [
                "$vcs_nba_dyn_obj",
                0,
                35,
                2,
                2,
                0,
                "sigprop$$",
                0,
                35,
                2,
                2,
                0,
                "process",
                0,
                200,
                8,
                8,
                0,
                "event",
                0,
                34,
                2,
                2,
                0,
                "mailbox",
                0,
                140,
                9,
                9,
                0,
                "semaphore",
                0,
                84,
                5,
                5,
                0
            ],
            "nMops": 528
        },
        "tb": {
            "child_modules": {},
            "start_perf": [
                0.20014715194702148,
                0.026228999999999999,
                0.047212999999999998,
                302648,
                379968,
                1694517789.0282071,
                79311654799368
            ],
            "end_perf": [
                0.20080113410949707,
                0.026461999999999999,
                0.047633000000000002,
                302648,
                379968,
                79311656908008,
                12884901889,
                0
            ],
            "Compiled": "Yes",
            "Compiled Times": 3,
            "nRouts": 11,
            "nQuads": 67,
            "nMops": 243
        }
    },
    "stat": {
        "ru_self_end": {
            "ru_stime_sec": 0.051443999999999997,
            "ru_utime_sec": 0.026461999999999999,
            "ru_nvcsw": 56,
            "ru_maxrss_kb": 118840,
            "ru_minflt": 12745,
            "ru_majflt": 0,
            "ru_nivcsw": 12
        },
        "ru_childs_end": {
            "ru_stime_sec": 0.013237000000000001,
            "ru_utime_sec": 0.011995,
            "ru_nvcsw": 26,
            "ru_maxrss_kb": 112652,
            "ru_minflt": 5342,
            "ru_majflt": 0,
            "ru_nivcsw": 6
        },
        "cpu_cycles_end": 79311669044104,
        "peak_mem_kb": 379968
    },
    "reusePaths": {
        "hEeZs_d": {
            "icPath": "csrc"
        },
        "amcQw_d": {
            "icPath": "csrc"
        },
        "reYIK_d": {
            "icPath": "csrc"
        },
        "g7hgQ_d": {
            "icPath": "csrc"
        }
    },
    "ObjArchives": [
        {
            "archive": "archive.2/_36858_archive_1.a",
            "objects": [
                [
                    "jNxLu_d.o",
                    32118
                ],
                [
                    "amcQwB.o",
                    115860
                ]
            ],
            "size": 147978
        }
    ]
}