{
    "Modules": {
        "std": {
            "start_perf": [
                0.18033695220947266,
                0.026322999999999999,
                0.030702,
                296912,
                377404,
                1692759736.3477919,
                11911923240479
            ],
            "child_modules": {},
            "Compiled": "Yes",
            "Compiled Times": 3,
            "svclass": [
                "$vcs_nba_dyn_obj",
                0,
                35,
                2,
                2,
                0,
                "sigprop$$",
                0,
                35,
                2,
                2,
                0,
                "process",
                0,
                200,
                8,
                8,
                0,
                "event",
                0,
                34,
                2,
                2,
                0,
                "mailbox",
                0,
                140,
                9,
                9,
                0,
                "semaphore",
                0,
                84,
                5,
                5,
                0
            ],
            "end_perf": [
                0.18194007873535156,
                0.026322999999999999,
                0.032303999999999999,
                296912,
                377404,
                11911928377535,
                8589934594,
                0
            ],
            "nQuads": 218,
            "nMops": 528,
            "nRouts": 33
        },
        "...MASTER...": {
            "start_perf": [
                0.17786097526550293,
                0.026322999999999999,
                0.029586000000000001,
                295472,
                377404,
                1692759736.3453159,
                11911915327711
            ],
            "child_modules": {
                "std": 1,
                "tb": 1
            },
            "end_perf": [
                0.18027114868164062,
                0.026322999999999999,
                0.030634999999999999,
                296912,
                377404,
                11911923045471,
                0,
                0
            ],
            "nQuads": 0,
            "nMops": 0,
            "nRouts": 5
        },
        "tb": {
            "start_perf": [
                0.18196511268615723,
                0.026322999999999999,
                0.032329999999999998,
                296912,
                377404,
                1692759736.3494201,
                11911928429119
            ],
            "child_modules": {},
            "nRouts": 13,
            "Compiled": "Yes",
            "Compiled Times": 3,
            "end_perf": [
                0.18476414680480957,
                0.026322999999999999,
                0.035128,
                302404,
                377404,
                11911937399519,
                12884901889,
                0
            ],
            "nQuads": 115,
            "nMops": 288
        }
    },
    "CompUnits": {
        "g7hgQ_d": {
            "bytes": 13462,
            "mod": "tb",
            "out": "g7hgQ_d.o",
            "archive": "archive.2/_8933_archive_1.a",
            "mode": 4,
            "text": 2543,
            "checksum": 0
        }
    },
    "reusePaths": {
        "amcQw_d": {
            "icPath": "csrc"
        },
        "reYIK_d": {
            "icPath": "csrc"
        }
    },
    "stat": {
        "ru_childs_end": {
            "ru_stime_sec": 0.012529,
            "ru_utime_sec": 0.011443999999999999,
            "ru_maxrss_kb": 109100,
            "ru_nivcsw": 18,
            "ru_minflt": 5342,
            "ru_majflt": 0,
            "ru_nvcsw": 26
        },
        "ru_self_end": {
            "ru_stime_sec": 0.038121000000000002,
            "ru_utime_sec": 0.026322999999999999,
            "ru_maxrss_kb": 116620,
            "ru_nivcsw": 12,
            "ru_minflt": 12490,
            "ru_majflt": 0,
            "ru_nvcsw": 51
        },
        "cpu_cycles_end": 11911946914111,
        "peak_mem_kb": 377404
    },
    "ObjArchives": [
        {
            "archive": "archive.2/_8933_archive_1.a",
            "size": 128380,
            "objects": [
                [
                    "g7hgQ_d.o",
                    13462
                ],
                [
                    "amcQwB.o",
                    114918
                ]
            ]
        }
    ]
}