{
    "Modules": {
        "...MASTER...": {
            "start_perf": [
                0.18804597854614258,
                0.022794999999999999,
                0.035396999999999998,
                295372,
                377404,
                1692698845.2310979,
                26840868436255
            ],
            "nQuads": 0,
            "child_modules": {
                "std": 1,
                "tb": 1
            },
            "nMops": 0,
            "end_perf": [
                0.19060301780700684,
                0.022797000000000001,
                0.036476000000000001,
                296780,
                377404,
                26840876640735,
                0,
                0
            ],
            "nRouts": 5
        },
        "std": {
            "start_perf": [
                0.19066905975341797,
                0.022823,
                0.036517000000000001,
                296780,
                377404,
                1692698845.233721,
                26840876819775
            ],
            "nQuads": 218,
            "child_modules": {},
            "Compiled": "Yes",
            "Compiled Times": 5,
            "nMops": 528,
            "end_perf": [
                0.19242715835571289,
                0.023498999999999999,
                0.037597999999999999,
                296940,
                377404,
                26840882453791,
                8589934594,
                0
            ],
            "svclass": [
                "$vcs_nba_dyn_obj",
                0,
                35,
                2,
                2,
                0,
                "sigprop$$",
                0,
                35,
                2,
                2,
                0,
                "process",
                0,
                200,
                8,
                8,
                0,
                "event",
                0,
                34,
                2,
                2,
                0,
                "mailbox",
                0,
                140,
                9,
                9,
                0,
                "semaphore",
                0,
                84,
                5,
                5,
                0
            ],
            "nRouts": 33
        },
        "tb": {
            "start_perf": [
                0.19245314598083496,
                0.023508999999999999,
                0.037615000000000003,
                296940,
                377404,
                1692698845.2355051,
                26840882509759
            ],
            "nQuads": 186,
            "child_modules": {},
            "Compiled": "Yes",
            "nMops": 404,
            "end_perf": [
                0.20120406150817871,
                0.027949000000000002,
                0.041924000000000003,
                304612,
                377404,
                26840910523071,
                12884901889,
                0
            ],
            "Compiled Times": 5,
            "nRouts": 30
        }
    },
    "stat": {
        "ru_self_end": {
            "ru_majflt": 0,
            "ru_utime_sec": 0.029399999999999999,
            "ru_stime_sec": 0.044101000000000001,
            "ru_maxrss_kb": 120100,
            "ru_minflt": 13037,
            "ru_nvcsw": 50,
            "ru_nivcsw": 12
        },
        "ru_childs_end": {
            "ru_majflt": 0,
            "ru_utime_sec": 0.012262,
            "ru_stime_sec": 0.012892000000000001,
            "ru_maxrss_kb": 111232,
            "ru_minflt": 5341,
            "ru_nvcsw": 25,
            "ru_nivcsw": 9
        },
        "cpu_cycles_end": 26840922028735,
        "peak_mem_kb": 377404
    },
    "reusePaths": {
        "amcQw_d": {
            "icPath": "csrc"
        },
        "reYIK_d": {
            "icPath": "csrc"
        }
    },
    "CompUnits": {
        "g7hgQ_d": {
            "mode": 4,
            "text": 4482,
            "mod": "tb",
            "out": "g7hgQ_d.o",
            "bytes": 17714,
            "checksum": 0,
            "archive": "archive.4/_18832_archive_1.a"
        }
    },
    "ObjArchives": [
        {
            "size": 132790,
            "archive": "archive.4/_18832_archive_1.a",
            "objects": [
                [
                    "g7hgQ_d.o",
                    17714
                ],
                [
                    "amcQwB.o",
                    115076
                ]
            ]
        }
    ]
}