{
    "Modules": {
        "...MASTER...": {
            "end_perf": [
                0.18401813507080078,
                0.018714000000000001,
                0.042569999999999997,
                296580,
                377404,
                56147528470349,
                0,
                0
            ],
            "start_perf": [
                0.18160414695739746,
                0.018714000000000001,
                0.041616,
                295716,
                377404,
                1693829751.4240961,
                56147520738029
            ],
            "child_modules": {
                "tb": 1,
                "std": 1,
                "_vcs_unit__2444631337": 1
            },
            "nQuads": 0,
            "nRouts": 5,
            "nMops": 0
        },
        "_vcs_unit__2444631337": {
            "start_perf": [
                0.18407607078552246,
                0.018714000000000001,
                0.042627999999999999,
                296580,
                377404,
                1693829751.426568,
                56147528638989
            ],
            "end_perf": [
                0.1849510669708252,
                0.018714000000000001,
                0.043503,
                296964,
                377404,
                56147531448141,
                4294967297,
                0
            ],
            "Compiled": "Yes",
            "child_modules": {},
            "Compiled Times": 4,
            "nRouts": 8,
            "nMops": 42,
            "svclass": [
                "generator",
                0,
                42,
                3,
                2,
                4294967297
            ],
            "nQuads": 14
        },
        "tb": {
            "end_perf": [
                0.18721699714660645,
                0.018714000000000001,
                0.045768999999999997,
                297120,
                377404,
                56147538687021,
                12884901889,
                0
            ],
            "start_perf": [
                0.18632602691650391,
                0.018714000000000001,
                0.044878000000000001,
                297120,
                377404,
                1693829751.428818,
                56147535817485
            ],
            "Compiled": "Yes",
            "child_modules": {},
            "Compiled Times": 4,
            "nQuads": 87,
            "nRouts": 9,
            "nMops": 324
        },
        "std": {
            "start_perf": [
                0.18497300148010254,
                0.018714000000000001,
                0.043525000000000001,
                296964,
                377404,
                1693829751.427465,
                56147531494861
            ],
            "end_perf": [
                0.18630003929138184,
                0.018714000000000001,
                0.044852000000000003,
                297120,
                377404,
                56147535761325,
                8589934594,
                0
            ],
            "Compiled": "Yes",
            "child_modules": {},
            "Compiled Times": 4,
            "nRouts": 33,
            "nMops": 528,
            "svclass": [
                "$vcs_nba_dyn_obj",
                0,
                35,
                2,
                2,
                0,
                "sigprop$$",
                0,
                35,
                2,
                2,
                0,
                "process",
                0,
                200,
                8,
                8,
                0,
                "event",
                0,
                34,
                2,
                2,
                0,
                "mailbox",
                0,
                140,
                9,
                9,
                0,
                "semaphore",
                0,
                84,
                5,
                5,
                0
            ],
            "nQuads": 218
        }
    },
    "stat": {
        "ru_self_end": {
            "ru_nivcsw": 14,
            "ru_nvcsw": 59,
            "ru_utime_sec": 0.018714000000000001,
            "ru_stime_sec": 0.048710999999999997,
            "ru_majflt": 0,
            "ru_minflt": 12133,
            "ru_maxrss_kb": 116260
        },
        "ru_childs_end": {
            "ru_nivcsw": 2,
            "ru_nvcsw": 27,
            "ru_utime_sec": 0.014189,
            "ru_stime_sec": 0.010758,
            "ru_majflt": 0,
            "ru_minflt": 5342,
            "ru_maxrss_kb": 110524
        },
        "peak_mem_kb": 377404,
        "cpu_cycles_end": 56147548042701
    },
    "reusePaths": {
        "amcQw_d": {
            "icPath": "csrc"
        },
        "jNxLu_d": {
            "icPath": "csrc"
        },
        "reYIK_d": {
            "icPath": "csrc"
        },
        "g7hgQ_d": {
            "icPath": "csrc"
        }
    },
    "CompUnits": {},
    "ObjArchives": [
        {
            "archive": "archive.3/_31197_archive_1.a",
            "objects": [
                [
                    "amcQwB.o",
                    115120
                ]
            ],
            "size": 115120
        }
    ]
}