{
    "cycles_program_begin": 8323095871231,
    "cpu_cycles_pass2_start": 8325472700797,
    "perf": [
        {
            "stat": [
                "main",
                "entry",
                0.054614067077636719,
                0.010552000000000001,
                0.066604999999999998,
                200688,
                200688,
                0.0,
                0.0,
                1693193971.225019,
                8323099063007
            ],
            "sub": [
                {
                    "stat": [
                        "doParsingAndDesignResolution",
                        "entry",
                        0.41181707382202148,
                        0.010552000000000001,
                        0.078765000000000002,
                        209640,
                        210440,
                        0.0,
                        0.0,
                        1693193971.582222,
                        8324239899901
                    ],
                    "sub": []
                },
                {
                    "stat": [
                        "doParsingAndDesignResolution",
                        "exit",
                        0.53022503852844238,
                        0.010552000000000001,
                        0.10663,
                        308320,
                        380996,
                        0.0,
                        0.0,
                        1693193971.7006299,
                        8324618130686
                    ],
                    "sub": []
                },
                {
                    "stat": [
                        "doPostDesignResolutionToVir2Vcs",
                        "entry",
                        0.5331270694732666,
                        0.012156999999999999,
                        0.10663,
                        294304,
                        380996,
                        0.0,
                        0.0,
                        1693193971.703532,
                        8324627344382
                    ],
                    "sub": [
                        {
                            "stat": [
                                "doUptoVir2VcsNoSepCleanup",
                                "entry",
                                0.55453014373779297,
                                0.013724,
                                0.109793,
                                294496,
                                380996,
                                0.0,
                                0.0,
                                1693193971.7249351,
                                8324695732318
                            ],
                            "sub": []
                        },
                        {
                            "stat": [
                                "doUptoVir2VcsNoSepCleanup",
                                "exit",
                                0.6531670093536377,
                                0.014461,
                                0.13015599999999999,
                                295264,
                                380996,
                                0.0061440000000000002,
                                0.0018109999999999999,
                                1693193971.8235719,
                                8325010772447
                            ],
                            "sub": []
                        },
                        {
                            "stat": [
                                "doRadify_vir2vcsAll",
                                "entry",
                                0.65404009819030762,
                                0.014486000000000001,
                                0.13037699999999999,
                                295264,
                                380996,
                                0.0061440000000000002,
                                0.0018109999999999999,
                                1693193971.824445,
                                8325013515455
                            ],
                            "sub": []
                        },
                        {
                            "stat": [
                                "doRadify_vir2vcsAll",
                                "exit",
                                0.66121411323547363,
                                0.014801999999999999,
                                0.133219,
                                297200,
                                380996,
                                0.0061440000000000002,
                                0.0018109999999999999,
                                1693193971.831619,
                                8325036474333
                            ],
                            "sub": []
                        }
                    ]
                },
                {
                    "stat": [
                        "doPostDesignResolutionToVir2Vcs",
                        "exit",
                        0.66125297546386719,
                        0.014806,
                        0.13325500000000001,
                        297200,
                        380996,
                        0.0061440000000000002,
                        0.0018109999999999999,
                        1693193971.8316579,
                        8325036519549
                    ],
                    "sub": []
                },
                {
                    "stat": [
                        "doGAToPass2",
                        "entry",
                        0.66126513481140137,
                        0.014807000000000001,
                        0.13326499999999999,
                        297200,
                        380996,
                        0.0061440000000000002,
                        0.0018109999999999999,
                        1693193971.83167,
                        8325036546877
                    ],
                    "sub": [
                        {
                            "stat": [
                                "DoPass2",
                                "entry",
                                0.79779219627380371,
                                0.014928,
                                0.134356,
                                295644,
                                380996,
                                0.014981,
                                0.027777,
                                1693193971.9681971,
                                8325472688861
                            ],
                            "sub": []
                        },
                        {
                            "stat": [
                                "DoPass2",
                                "exit",
                                0.82944703102111816,
                                0.019525000000000001,
                                0.145645,
                                304548,
                                380996,
                                0.014981,
                                0.027777,
                                1693193971.9998519,
                                8325573746109
                            ],
                            "sub": []
                        }
                    ]
                },
                {
                    "stat": [
                        "doGAToPass2",
                        "exit",
                        0.83110404014587402,
                        0.020220999999999999,
                        0.14660500000000001,
                        304548,
                        380996,
                        0.014981,
                        0.027777,
                        1693193972.001509,
                        8325579031229
                    ],