{
    "Modules": {
        "...MASTER...": {
            "start_perf": [
                0.18511509895324707,
                0.027525999999999998,
                0.034146000000000003,
                295708,
                377404,
                1693194507.2697921,
                10035202564446
            ],
            "child_modules": {
                "std": 1,
                "tb": 1,
                "_vcs_unit__2444631337": 1
            },
            "end_perf": [
                0.18767309188842773,
                0.027525999999999998,
                0.035202999999999998,
                296476,
                377404,
                10035210769278,
                0,
                0
            ],
            "nMops": 0,
            "nQuads": 0,
            "nRouts": 5
        },
        "_vcs_unit__2444631337": {
            "start_perf": [
                0.18774199485778809,
                0.027525999999999998,
                0.035272999999999999,
                296476,
                377404,
                1693194507.272419,
                10035210968126
            ],
            "svclass": [
                "generator",
                749,
                41,
                3,
                2,
                4294967297
            ],
            "child_modules": {},
            "Compiled": "Yes",
            "nRouts": 8,
            "Compiled Times": 2,
            "end_perf": [
                0.18993210792541504,
                0.027525999999999998,
                0.037463000000000003,
                302208,
                377404,
                10035217971454,
                4294967297,
                0
            ],
            "nMops": 83,
            "nQuads": 28
        },
        "std": {
            "start_perf": [
                0.1899559497833252,
                0.027525999999999998,
                0.037486999999999999,
                302208,
                377404,
                1693194507.2746329,
                10035218021118
            ],
            "svclass": [
                "$vcs_nba_dyn_obj",
                0,
                35,
                2,
                2,
                0,
                "sigprop$$",
                0,
                35,
                2,
                2,
                0,
                "process",
                0,
                200,
                8,
                8,
                0,
                "event",
                0,
                34,
                2,
                2,
                0,
                "mailbox",
                0,
                140,
                9,
                9,
                0,
                "semaphore",
                0,
                84,
                5,
                5,
                0
            ],
            "child_modules": {},
            "Compiled": "Yes",
            "nRouts": 33,
            "Compiled Times": 2,
            "end_perf": [
                0.19138503074645996,
                0.027525999999999998,
                0.038914999999999998,
                302208,
                377404,
                10035222610558,
                8589934594,
                0
            ],
            "nMops": 528,
            "nQuads": 218
        },
        "tb": {
            "start_perf": [
                0.19141006469726562,
                0.027525999999999998,
                0.038941000000000003,
                302208,
                377404,
                1693194507.276087,
                10035222666942
            ],
            "Compiled": "Yes",
            "child_modules": {},
            "nRouts": 13,
            "Compiled Times": 2,
            "end_perf": [
                0.19229793548583984,
                0.027734000000000002,
                0.039620000000000002,
                302208,
                377404,
                10035225528062,
                12884901889,
                0
            ],
            "nMops": 296,
            "nQuads": 98
        }
    },
    "CompUnits": {
        "jNxLu_d": {
            "text": 966,
            "mod": "_vcs_unit__2444631337",
            "out": "jNxLu_d.o",
            "bytes": 12514,
            "cls": 749,
            "mode": 4,
            "archive": "archive.1/_7855_archive_1.a",
            "checksum": 0
        }
    },
    "reusePaths": {
        "reYIK_d": {
            "icPath": "csrc"
        },
        "amcQw_d": {
            "icPath": "csrc"
        },
        "g7hgQ_d": {
            "icPath": "csrc"
        }
    },
    "ObjArchives": [
        {
            "archive": "archive.1/_7855_archive_1.a",
            "objects": [
                [
                    "jNxLu_d.o",
                    12514
                ],
                [
                    "amcQwB.o",
                    115234
                ]
            ],
            "size": 127748
        }
    ],
    "stat": {
        "ru_self_end": {
            "ru_nvcsw": 58,
            "ru_utime_sec": 0.027734000000000002,
            "ru_maxrss_kb": 117112,
            "ru_stime_sec": 0.042618000000000003,
            "ru_minflt": 12454,
            "ru_majflt": 3,
            "ru_nivcsw": 9
        },
        "ru_childs_end": {
            "ru_nvcsw": 26,
            "ru_utime_sec": 0.014692,
            "ru_maxrss_kb": 111484,
            "ru_stime_sec": 0.010231000000000001,
            "ru_minflt": 5342,
            "ru_majflt": 0,
            "ru_nivcsw": 2
        },
        "cpu_cycles_end": 10035235063550,
        "peak_mem_kb": 377404
    }
}