{
    "cpu_cycles_pass2_start": 23415547625917,
    "cycles_program_begin": 23414977041629,
    "NameTable": {
        "add": [
            "add",
            "GNaSz",
            "module",
            4
        ],
        "std": [
            "std",
            "reYIK",
            "module",
            1
        ],
        "add_if": [
            "add_if",
            "r1PsL",
            "module",
            2
        ],
        "...MASTER...": [
            "SIM",
            "amcQw",
            "module",
            5
        ],
        "tb": [
            "tb",
            "g7hgQ",
            "module",
            3
        ]
    },
    "MlibObjs": {},
    "CompileProcesses": [
        "cgproc.14382.json"
    ],
    "perf": [
        {
            "stat": [
                "main",
                "entry",
                0.010930061340332031,
                0.013535999999999999,
                0.018048999999999999,
                200688,
                200688,
                0.0,
                0.0,
                1694500288.2736161,
                23414977289213
            ],
            "sub": [
                {
                    "stat": [
                        "doParsingAndDesignResolution",
                        "entry",
                        0.13840508460998535,
                        0.019977999999999999,
                        0.019977999999999999,
                        209640,
                        210440,
                        0.0,
                        0.0,
                        1694500288.4010911,
                        23415384412125
                    ],
                    "sub": []
                },
                {
                    "stat": [
                        "doParsingAndDesignResolution",
                        "exit",
                        0.14610791206359863,
                        0.027694,
                        0.020449999999999999,
                        312656,
                        377776,
                        0.0,
                        0.0,
                        1694500288.4087939,
                        23415409017085
                    ],
                    "sub": []
                },
                {
                    "stat": [
                        "doPostDesignResolutionToVir2Vcs",
                        "entry",
                        0.14928388595581055,
                        0.027986,
                        0.023987999999999999,
                        294572,
                        377776,
                        0.0,
                        0.0,
                        1694500288.4119699,
                        23415419147965
                    ],
                    "sub": [
                        {
                            "stat": [
                                "doUptoVir2VcsNoSepCleanup",
                                "entry",
                                0.15106296539306641,
                                0.028944000000000001,
                                0.024809000000000001,
                                294860,
                                377776,
                                0.0,
                                0.0,
                                1694500288.413749,
                                23415424813341
                            ],
                            "sub": []
                        },
                        {
                            "stat": [
                                "doUptoVir2VcsNoSepCleanup",
                                "exit",
                                0.16983509063720703,
                                0.033654000000000003,
                                0.029447000000000001,
                                295564,
                                377776,
                                0.0085769999999999996,
                                0.0,
                                1694500288.4325211,
                                23415484815453
                            ],
                            "sub": []
                        },
                        {
                            "stat": [
                                "doRadify_vir2vcsAll",
                                "entry",
                                0.16988492012023926,
                                0.033681000000000003,
                                0.029471000000000001,
                                295564,
                                377776,
                                0.0085769999999999996,
                                0.0,
                                1694500288.4325709,
                                23415484906941
                            ],
                            "sub": []
                        },
                        {
                            "stat": [
                                "doRadify_vir2vcsAll",
                                "exit",
                                0.17266201972961426,
                                0.033681000000000003,
                                0.032245999999999997,
                                297524,
                                377776,
                                0.0085769999999999996,
                                0.0,
                                1694500288.435348,
                                23415493827069
                            ],
                            "sub": []
                        }
                    ]
                },
                {
                    "stat": [
                        "doPostDesignResolutionToVir2Vcs",
                        "exit",
                        0.17269206047058105,
                        0.033681000000000003,
                        0.032278000000000001,
                        297524,
                        377776,
                        0.0085769999999999996,
                        0.0,
                        1694500288.4353781,
                        23415493865821
                    ],
                    "sub": []
                },
                {
                    "stat": [
                        "doGAToPass2",
                        "entry",
                        0.17270207405090332,
                        0.033681000000000003,
                        0.032287999999999997,
                        297524,
                        377776,
                        0.0085769999999999996,
                        0.0,
                        1694500288.4353881,
                        23415493893501
                    ],
                    "sub": [
                        {
                            "stat": [
                                "DoPass2",
                                "entry",
                                0.18949604034423828,
                                0.033681000000000003,
                                0.033378999999999999,
                                295968,
                                377776,
                                0.019411999999999999,
                                0.0050769999999999999,
                                1694500288.4521821,
                                23415547615869
                            ],
                            "sub": []
                        },
                        {
                            "stat": [
                                "DoPass2",
                                "exit",
                                0.20320391654968262,
                                0.040862000000000002,
                                0.036322,
                                304996,
                                377776,
                                0.019411999999999999,
                                0.0066600000000000001,
                                1694500288.4658899,
                                23415591349757
                            ],