{
    "Modules": {
        "tb": {
            "start_perf": [
                0.19460487365722656,
                0.035304000000000002,
                0.035304000000000002,
                297732,
                377776,
                1694500288.4572909,
                23415563853213
            ],
            "child_modules": {
                "add": 1,
                "add_if": 1
            },
            "Compiled": "Yes",
            "Compiled Times": 5,
            "significant_routs": [
                [
                    8,
                    "R_VCSgd_g7hgQ_8",
                    7712480,
                    405,
                    31
                ]
            ],
            "nMops": 352,
            "nQuads": 160,
            "end_perf": [
                0.20089101791381836,
                0.039565000000000003,
                0.035304000000000002,
                303332,
                377776,
                23415583980989,
                17179869185,
                0
            ],
            "nRouts": 33
        },
        "...MASTER...": {
            "start_perf": [
                0.1895759105682373,
                0.033681000000000003,
                0.033459999999999997,
                295968,
                377776,
                1694500288.4522619,
                23415547803389
            ],
            "child_modules": {
                "std": 1,
                "tb": 1
            },
            "end_perf": [
                0.19232296943664551,
                0.034162999999999999,
                0.034162999999999999,
                297412,
                377776,
                23415556595581,
                0,
                0
            ],
            "nMops": 0,
            "nQuads": 0,
            "nRouts": 5
        },
        "add": {
            "start_perf": [
                0.20092296600341797,
                0.039598000000000001,
                0.035304000000000002,
                303332,
                377776,
                1694500288.463609,
                23415584043645
            ],
            "child_modules": {},
            "Compiled Times": 5,
            "Compiled": "Yes",
            "end_perf": [
                0.2021479606628418,
                0.040302999999999999,
                0.035824000000000002,
                303332,
                377776,
                23415587974141,
                21474836481,
                0
            ],
            "nMops": 141,
            "nQuads": 59,
            "nRouts": 19
        },
        "std": {
            "start_perf": [
                0.1923830509185791,
                0.034193000000000001,
                0.034193000000000001,
                297412,
                377776,
                1694500288.4550691,
                23415556766909
            ],
            "svclass": [
                "$vcs_nba_dyn_obj",
                0,
                35,
                2,
                2,
                0,
                "sigprop$$",
                0,
                35,
                2,
                2,
                0,
                "process",
                0,
                200,
                8,
                8,
                0,
                "event",
                0,
                34,
                2,
                2,
                0,
                "mailbox",
                0,
                140,
                9,
                9,
                0,
                "semaphore",
                0,
                84,
                5,
                5,
                0
            ],
            "child_modules": {},
            "Compiled": "Yes",
            "Compiled Times": 5,
            "end_perf": [
                0.19411206245422363,
                0.035056999999999998,
                0.035056999999999998,
                297412,
                377776,
                23415562303805,
                8589934594,
                0
            ],
            "nMops": 528,
            "nQuads": 218,
            "nRouts": 33
        },
        "add_if": {
            "start_perf": [
                0.19413590431213379,
                0.035069999999999997,
                0.035069999999999997,
                297412,
                377776,
                1694500288.4568219,
                23415562357565
            ],
            "child_modules": {},
            "Compiled Times": 5,
            "Compiled": "Yes",
            "end_perf": [
                0.19458603858947754,
                0.035293999999999999,
                0.035293999999999999,
                297732,
                377776,
                23415563813469,
                12884901889,
                0
            ],
            "nMops": 57,
            "nQuads": 18,
            "nRouts": 9
        }
    },
    "ObjArchives": [
        {
            "archive": "archive.4/_14382_archive_1.a",
            "objects": [
                [
                    "g7hgQ_d.o",
                    16006
                ],
                [
                    "amcQwB.o",
                    115820
                ]
            ],
            "size": 131826
        }
    ],
    "CompUnits": {
        "g7hgQ_d": {
            "mod": "tb",
            "out": "g7hgQ_d.o",
            "text": 3617,
            "bytes": 16006,
            "mode": 4,
            "checksum": 0,
            "archive": "archive.4/_14382_archive_1.a"
        }
    },
    "reusePaths": {
        "amcQw_d": {
            "icPath": "csrc"
        },
        "reYIK_d": {
            "icPath": "csrc"
        },
        "r1PsL_d": {
            "icPath": "csrc"
        },
        "GNaSz_d": {
            "icPath": "csrc"
        }
    },
    "stat": {
        "ru_childs_end": {
            "ru_majflt": 0,
            "ru_utime_sec": 0.019411999999999999,
            "ru_stime_sec": 0.0066600000000000001,
            "ru_maxrss_kb": 111732,
            "ru_minflt": 5342,
            "ru_nivcsw": 8,
            "ru_nvcsw": 26
        },
        "ru_self_end": {
            "ru_majflt": 2,
            "ru_utime_sec": 0.040862000000000002,
            "ru_stime_sec": 0.038521,
            "ru_maxrss_kb": 119996,
            "ru_minflt": 13226,
            "ru_nivcsw": 10,
            "ru_nvcsw": 57
        },
        "cpu_cycles_end": 23415598328829,
        "peak_mem_kb": 377776
    }
}