{
    "rlimit": {
        "stack": -1,
        "data": -1
    },
    "cycles_program_begin": 1698402611534,
    "perf": [
        {
            "stat": [
                "main",
                "entry",
                0.095267057418823242,
                0.0082699999999999996,
                0.13233500000000001,
                200688,
                200688,
                0.0,
                0.0,
                1694264573.3505831,
                1698407491086
            ],
            "sub": [
                {
                    "stat": [
                        "doParsingAndDesignResolution",
                        "entry",
                        0.47455286979675293,
                        0.0082699999999999996,
                        0.16200300000000001,
                        209640,
                        210440,
                        0.0,
                        0.0,
                        1694264573.7298689,
                        1699618925294
                    ],
                    "sub": []
                },
                {
                    "stat": [
                        "doParsingAndDesignResolution",
                        "exit",
                        0.6746060848236084,
                        0.0082699999999999996,
                        0.28488799999999997,
                        308364,
                        377404,
                        0.0,
                        0.0,
                        1694264573.9299221,
                        1700257968959
                    ],
                    "sub": []
                },
                {
                    "stat": [
                        "doPostDesignResolutionToVir2Vcs",
                        "entry",
                        0.67935395240783691,
                        0.0082699999999999996,
                        0.28771099999999999,
                        294348,
                        377404,
                        0.0,
                        0.0,
                        1694264573.93467,
                        1700273069422
                    ],
                    "sub": [
                        {
                            "stat": [
                                "doUptoVir2VcsNoSepCleanup",
                                "entry",
                                0.71160697937011719,
                                0.0082699999999999996,
                                0.30466900000000002,
                                294540,
                                377404,
                                0.0,
                                0.0,
                                1694264573.966923,
                                1700376218158
                            ],
                            "sub": []
                        },
                        {
                            "stat": [
                                "doUptoVir2VcsNoSepCleanup",
                                "exit",
                                0.87351393699645996,
                                0.0082699999999999996,
                                0.39406200000000002,
                                295308,
                                377404,
                                0.0051630000000000001,
                                0.0039379999999999997,
                                1694264574.12883,
                                1700893173183
                            ],
                            "sub": []
                        },
                        {
                            "stat": [
                                "doRadify_vir2vcsAll",
                                "entry",
                                0.87459707260131836,
                                0.0082699999999999996,
                                0.39432299999999998,
                                295308,
                                377404,
                                0.0051630000000000001,
                                0.0039379999999999997,
                                1694264574.1299131,
                                1700896605855
                            ],
                            "sub": []
                        },
                        {
                            "stat": [
                                "doRadify_vir2vcsAll",
                                "exit",
                                0.88982796669006348,
                                0.0082730000000000008,
                                0.40537800000000002,
                                297272,
                                377404,
                                0.0051630000000000001,
                                0.0039379999999999997,
                                1694264574.145144,
                                1700945289771
                            ],
                            "sub": []
                        }
                    ]
                },
                {
                    "stat": [
                        "doPostDesignResolutionToVir2Vcs",
                        "exit",
                        0.88986992835998535,
                        0.0082730000000000008,
                        0.40542099999999998,
                        297272,
                        377404,
                        0.0051630000000000001,
                        0.0039379999999999997,
                        1694264574.1451859,
                        1700945339051
                    ],
                    "sub": []
                },
                {
                    "stat": [
                        "doGAToPass2",
                        "entry",
                        0.88988304138183594,
                        0.0082740000000000001,
                        0.40543400000000002,
                        297272,
                        377404,
                        0.0051630000000000001,
                        0.0039379999999999997,
                        1694264574.1451991,
                        1700945373963
                    ],
                    "sub": [
                        {
                            "stat": [
                                "DoPass2",
                                "entry",
                                1.0889770984649658,
                                0.0082740000000000001,
                                0.40709000000000001,
                                295716,
                                377404,
                                0.01261,
                                0.099277000000000004,
                                1694264574.3442931,
                                1701581429823
                            ],
                            "sub": []
                        },
                        {
                            "stat": [
                                "DoPass2",
                                "exit",
                                1.1265389919281006,
                                0.0083400000000000002,
                                0.42577799999999999,
                                304240,
                                377404,
                                0.014352,
                                0.099277000000000004,
                                1694264574.381855,
                                1701701302111
                            ],
                            "sub": []
                        }
                    ]
                },
                {
                    "stat": [
                        "doGAToPass2",
                        "exit",
                        1.1292719841003418,
                        0.0083400000000000002,
                        0.42851099999999998,
                        304240,
                        377404,
                        0.014352,
                        0.099277000000000004,
                        1694264574.384588,
                        1701710142143
                    ],