{
    "stat": {
        "ru_self_end": {
            "ru_maxrss_kb": 116244,
            "ru_utime_sec": 0.020708000000000001,
            "ru_nvcsw": 199,
            "ru_stime_sec": 0.075799000000000005,
            "ru_majflt": 0,
            "ru_minflt": 12228,
            "ru_nivcsw": 31
        },
        "ru_childs_end": {
            "ru_maxrss_kb": 110488,
            "ru_utime_sec": 0.018710000000000001,
            "ru_nvcsw": 25,
            "ru_stime_sec": 0.028177000000000001,
            "ru_majflt": 0,
            "ru_minflt": 5341,
            "ru_nivcsw": 2
        },
        "cpu_cycles_end": 1767155791551,
        "peak_mem_kb": 377404
    },
    "Modules": {
        "...MASTER...": {
            "start_perf": [
                0.38399410247802734,
                0.020708000000000001,
                0.065250000000000002,
                295716,
                377404,
                1694264594.862359,
                1767116171007
            ],
            "child_modules": {
                "_vcs_unit__2444631337": 1,
                "std": 1,
                "tb": 1
            },
            "end_perf": [
                0.38671517372131348,
                0.020708000000000001,
                0.066222000000000003,
                296552,
                377404,
                1767124891967,
                0,
                0
            ],
            "nRouts": 5,
            "nQuads": 0,
            "nMops": 0
        },
        "std": {
            "start_perf": [
                0.39037394523620605,
                0.020708000000000001,
                0.069846000000000005,
                297092,
                377404,
                1694264594.8687389,
                1767136545119
            ],
            "child_modules": {},
            "end_perf": [
                0.39185094833374023,
                0.020708000000000001,
                0.071321999999999997,
                297224,
                377404,
                1767141292703,
                8589934594,
                0
            ],
            "Compiled": "Yes",
            "Compiled Times": 10,
            "nRouts": 33,
            "nQuads": 218,
            "svclass": [
                "$vcs_nba_dyn_obj",
                0,
                35,
                2,
                2,
                0,
                "sigprop$$",
                0,
                35,
                2,
                2,
                0,
                "process",
                0,
                200,
                8,
                8,
                0,
                "event",
                0,
                34,
                2,
                2,
                0,
                "mailbox",
                0,
                140,
                9,
                9,
                0,
                "semaphore",
                0,
                84,
                5,
                5,
                0
            ],
            "nMops": 528
        },
        "_vcs_unit__2444631337": {
            "start_perf": [
                0.38679003715515137,
                0.020708000000000001,
                0.066276000000000002,
                296552,
                377404,
                1694264594.865155,
                1767125107647
            ],
            "child_modules": {},
            "end_perf": [
                0.39033794403076172,
                0.020708000000000001,
                0.069807999999999995,
                297092,
                377404,
                1767136480383,
                4294967297,
                0
            ],
            "Compiled": "Yes",
            "Compiled Times": 10,
            "nRouts": 33,
            "nQuads": 310,
            "svclass": [
                "first",
                0,
                41,
                3,
                2,
                4294967297,
                "second",
                0,
                41,
                3,
                2,
                4294967302,
                "main",
                0,
                903,
                22,
                5,
                4294967307
            ],
            "nMops": 985
        },
        "tb": {
            "start_perf": [
                0.39187908172607422,
                0.020708000000000001,
                0.071350999999999998,
                297224,
                377404,
                1694264594.870244,
                1767141349471
            ],
            "child_modules": {},
            "end_perf": [
                0.39257502555847168,
                0.020708000000000001,
                0.072044999999999998,
                297224,
                377404,
                1767143613503,
                12884901889,
                0
            ],
            "Compiled": "Yes",
            "Compiled Times": 10,
            "nRouts": 12,
            "nQuads": 54,
            "nMops": 172
        }
    },
    "reusePaths": {
        "g7hgQ_d": {
            "icPath": "csrc"
        },
        "amcQw_d": {
            "icPath": "csrc"
        },
        "jNxLu_d": {
            "icPath": "csrc"
        },
        "reYIK_d": {
            "icPath": "csrc"
        }
    },
    "CompUnits": {},
    "ObjArchives": [
        {
            "archive": "archive.9/_4377_archive_1.a",
            "size": 115474,
            "objects": [
                [
                    "amcQwB.o",
                    115474
                ]
            ]
        }
    ]
}