{
    "Modules": {
        "...MASTER...": {
            "start_perf": [
                0.18353605270385742,
                0.027685999999999999,
                0.033509999999999998,
                297320,
                379220,
                1695190638.2994781,
                22437344340358
            ],
            "child_modules": {
                "std": 1,
                "tb": 1
            },
            "end_perf": [
                0.18641805648803711,
                0.027685999999999999,
                0.034778000000000003,
                298780,
                379220,
                22437353586098,
                0,
                0
            ],
            "nQuads": 0,
            "nMops": 0,
            "nRouts": 5
        },
        "std": {
            "start_perf": [
                0.18648600578308105,
                0.027685999999999999,
                0.034846000000000002,
                298780,
                379220,
                1695190638.302428,
                22437353778258
            ],
            "child_modules": {},
            "Compiled": "Yes",
            "nMops": 528,
            "Compiled Times": 4,
            "nQuads": 218,
            "svclass": [
                "$vcs_nba_dyn_obj",
                0,
                35,
                2,
                2,
                0,
                "sigprop$$",
                0,
                35,
                2,
                2,
                0,
                "process",
                0,
                200,
                8,
                8,
                0,
                "event",
                0,
                34,
                2,
                2,
                0,
                "mailbox",
                0,
                140,
                9,
                9,
                0,
                "semaphore",
                0,
                84,
                5,
                5,
                0
            ],
            "end_perf": [
                0.18825888633728027,
                0.027685999999999999,
                0.036618999999999999,
                298780,
                379220,
                22437359444722,
                8589934594,
                0
            ],
            "nRouts": 33
        },
        "tb": {
            "start_perf": [
                0.18828392028808594,
                0.027685999999999999,
                0.036644999999999997,
                298780,
                379220,
                1695190638.3042259,
                22437359501298
            ],
            "child_modules": {},
            "Compiled": "Yes",
            "nMops": 451,
            "Compiled Times": 4,
            "nQuads": 149,
            "nRouts": 12,
            "significant_routs": [
                [
                    1,
                    "R_VCSgd_g7hgQ_1",
                    4455936,
                    3528,
                    404
                ]
            ],
            "end_perf": [
                0.19176888465881348,
                0.027685999999999999,
                0.040128999999999998,
                304440,
                379220,
                22437370660082,
                12884901889,
                0
            ]
        }
    },
    "CompUnits": {
        "g7hgQ_d": {
            "checksum": 0,
            "bytes": 20436,
            "mod": "tb",
            "out": "g7hgQ_d.o",
            "archive": "archive.3/_24204_archive_1.a",
            "text": 4303,
            "mode": 4
        }
    },
    "ObjArchives": [
        {
            "archive": "archive.3/_24204_archive_1.a",
            "objects": [
                [
                    "g7hgQ_d.o",
                    20436
                ],
                [
                    "amcQwB.o",
                    115780
                ]
            ],
            "size": 136216
        }
    ],
    "reusePaths": {
        "amcQw_d": {
            "icPath": "csrc"
        },
        "reYIK_d": {
            "icPath": "csrc"
        }
    },
    "stat": {
        "ru_self_end": {
            "ru_utime_sec": 0.027685999999999999,
            "ru_nvcsw": 55,
            "ru_stime_sec": 0.043219,
            "ru_majflt": 0,
            "ru_maxrss_kb": 118088,
            "ru_minflt": 12678,
            "ru_nivcsw": 43
        },
        "ru_childs_end": {
            "ru_utime_sec": 0.018291000000000002,
            "ru_nvcsw": 26,
            "ru_stime_sec": 0.0082310000000000005,
            "ru_majflt": 0,
            "ru_maxrss_kb": 109912,
            "ru_minflt": 5350,
            "ru_nivcsw": 10
        },
        "peak_mem_kb": 379220,
        "cpu_cycles_end": 22437380483730
    }
}