{
    "SIMBData": {
        "out": "amcQwB.o",
        "archive": "archive.2/_26958_archive_1.a",
        "bytes": 114946,
        "text": 0
    },
    "cycles_program_begin": 61183152774370,
    "cpu_cycles_pass2_start": 61183694498370,
    "perf": [
        {
            "stat": [
                "main",
                "entry",
                0.010365962982177734,
                0.019171000000000001,
                0.0095849999999999998,
                200688,
                200688,
                0.0,
                0.0,
                1693045479.549593,
                61183152963138
            ],
            "sub": [
                {
                    "stat": [
                        "doParsingAndDesignResolution",
                        "entry",
                        0.13581299781799316,
                        0.019956999999999999,
                        0.016400999999999999,
                        209640,
                        210440,
                        0.0,
                        0.0,
                        1693045479.67504,
                        61183553621026
                    ],
                    "sub": []
                },
                {
                    "stat": [
                        "doParsingAndDesignResolution",
                        "exit",
                        0.14052700996398926,
                        0.019956999999999999,
                        0.021652000000000001,
                        312372,
                        377404,
                        0.0,
                        0.0,
                        1693045479.679754,
                        61183568678210
                    ],
                    "sub": []
                },
                {
                    "stat": [
                        "doPostDesignResolutionToVir2Vcs",
                        "entry",
                        0.1433250904083252,
                        0.019956999999999999,
                        0.024927999999999999,
                        294308,
                        377404,
                        0.0,
                        0.0,
                        1693045479.6825521,
                        61183577709890
                    ],
                    "sub": [
                        {
                            "stat": [
                                "doUptoVir2VcsNoSepCleanup",
                                "entry",
                                0.14463996887207031,
                                0.019956999999999999,
                                0.02623,
                                294500,
                                377404,
                                0.0,
                                0.0,
                                1693045479.683867,
                                61183581767938
                            ],
                            "sub": []
                        },
                        {
                            "stat": [
                                "doUptoVir2VcsNoSepCleanup",
                                "exit",
                                0.16145801544189453,
                                0.019956999999999999,
                                0.033738999999999998,
                                307748,
                                377404,
                                0.0057860000000000003,
                                0.0024680000000000001,
                                1693045479.700685,
                                61183635530178
                            ],
                            "sub": []
                        },
                        {
                            "stat": [
                                "doRadify_vir2vcsAll",
                                "entry",
                                0.16150307655334473,
                                0.019956999999999999,
                                0.033785000000000003,
                                307748,
                                377404,
                                0.0057860000000000003,
                                0.0024680000000000001,
                                1693045479.7007301,
                                61183635610050
                            ],
                            "sub": []
                        },
                        {
                            "stat": [
                                "doRadify_vir2vcsAll",
                                "exit",
                                0.16380190849304199,
                                0.019956999999999999,
                                0.036073000000000001,
                                307748,
                                377404,
                                0.0057860000000000003,
                                0.0024680000000000001,
                                1693045479.7030289,
                                61183642989378
                            ],
                            "sub": []
                        }
                    ]
                },
                {
                    "stat": [
                        "doPostDesignResolutionToVir2Vcs",
                        "exit",
                        0.16382694244384766,
                        0.019956999999999999,
                        0.036097999999999998,
                        307748,
                        377404,
                        0.0057860000000000003,
                        0.0024680000000000001,
                        1693045479.703054,
                        61183643026594
                    ],
                    "sub": []
                },
                {
                    "stat": [
                        "doGAToPass2",
                        "entry",
                        0.16383790969848633,
                        0.019956999999999999,
                        0.036109000000000002,
                        307748,
                        377404,
                        0.0057860000000000003,
                        0.0024680000000000001,
                        1693045479.7030649,
                        61183643054018
                    ],
                    "sub": [
                        {
                            "stat": [
                                "DoPass2",
                                "entry",
                                0.17991900444030762,
                                0.019956999999999999,
                                0.037046999999999997,
                                295468,
                                377404,
                                0.017545999999999999,
                                0.0058060000000000004,
                                1693045479.719146,
                                61183694487426
                            ],
                            "sub": []
                        },
                        {
                            "stat": [
                                "DoPass2",
                                "exit",
                                0.18808388710021973,
                                0.019956999999999999,
                                0.043728999999999997,
                                304188,
                                377404,
                                0.018957999999999999,
                                0.0058060000000000004,
                                1693045479.7273109,
                                61183720529058
                            ],