{
    "CompileStrategy": "fullobj",
    "cycles_program_begin": 64086862438196,
    "cpu_cycles_pass2_start": 64087393356980,
    "perf": [
        {
            "stat": [
                "main",
                "entry",
                0.010593175888061523,
                0.022328000000000001,
                0.0074419999999999998,
                200688,
                200688,
                0.0,
                0.0,
                1693046388.6769781,
                64086862627188
            ],
            "sub": [
                {
                    "stat": [
                        "doParsingAndDesignResolution",
                        "entry",
                        0.13337302207946777,
                        0.024604000000000001,
                        0.013032,
                        209640,
                        210440,
                        0.0,
                        0.0,
                        1693046388.799758,
                        64087254750516
                    ],
                    "sub": []
                },
                {
                    "stat": [
                        "doParsingAndDesignResolution",
                        "exit",
                        0.13833117485046387,
                        0.024604000000000001,
                        0.018953000000000001,
                        312380,
                        377404,
                        0.0,
                        0.0,
                        1693046388.8047161,
                        64087270593876
                    ],
                    "sub": []
                },
                {
                    "stat": [
                        "doPostDesignResolutionToVir2Vcs",
                        "entry",
                        0.14119815826416016,
                        0.024604000000000001,
                        0.021954000000000001,
                        294308,
                        377404,
                        0.0,
                        0.0,
                        1693046388.8075831,
                        64087279743444
                    ],
                    "sub": [
                        {
                            "stat": [
                                "doUptoVir2VcsNoSepCleanup",
                                "entry",
                                0.14260411262512207,
                                0.024604000000000001,
                                0.023359999999999999,
                                294532,
                                377404,
                                0.0,
                                0.0,
                                1693046388.808989,
                                64087284207796
                            ],
                            "sub": []
                        },
                        {
                            "stat": [
                                "doUptoVir2VcsNoSepCleanup",
                                "exit",
                                0.15844511985778809,
                                0.024604000000000001,
                                0.030887999999999999,
                                295364,
                                377404,
                                0.0070020000000000004,
                                0.00086300000000000005,
                                1693046388.8248301,
                                64087334863220
                            ],
                            "sub": []
                        },
                        {
                            "stat": [
                                "doRadify_vir2vcsAll",
                                "entry",
                                0.15849804878234863,
                                0.024604000000000001,
                                0.030942000000000001,
                                295364,
                                377404,
                                0.0070020000000000004,
                                0.00086300000000000005,
                                1693046388.824883,
                                64087334953940
                            ],
                            "sub": []
                        },
                        {
                            "stat": [
                                "doRadify_vir2vcsAll",
                                "exit",
                                0.16087508201599121,
                                0.024604000000000001,
                                0.033318,
                                297220,
                                377404,
                                0.0070020000000000004,
                                0.00086300000000000005,
                                1693046388.82726,
                                64087342578900
                            ],
                            "sub": []
                        }
                    ]
                },
                {
                    "stat": [
                        "doPostDesignResolutionToVir2Vcs",
                        "exit",
                        0.16089797019958496,
                        0.024604000000000001,
                        0.033341999999999997,
                        297220,
                        377404,
                        0.0070020000000000004,
                        0.00086300000000000005,
                        1693046388.8272829,
                        64087342615188
                    ],
                    "sub": []
                },
                {
                    "stat": [
                        "doGAToPass2",
                        "entry",
                        0.16090917587280273,
                        0.024604000000000001,
                        0.033353000000000001,
                        297220,
                        377404,
                        0.0070020000000000004,
                        0.00086300000000000005,
                        1693046388.8272941,
                        64087342642548
                    ],
                    "sub": [
                        {
                            "stat": [
                                "DoPass2",
                                "entry",
                                0.1767570972442627,
                                0.024604000000000001,
                                0.034506000000000002,
                                295664,
                                377404,
                                0.015744999999999999,
                                0.0067289999999999997,
                                1693046388.843142,
                                64087393346580
                            ],
                            "sub": []
                        },
                        {
                            "stat": [
                                "DoPass2",
                                "exit",
                                0.18693208694458008,
                                0.024604000000000001,
                                0.043132999999999998,
                                304060,
                                377404,
                                0.017311,
                                0.0067289999999999997,
                                1693046388.853317,
                                64087425790868
                            ],