{
    "stat": {
        "ru_self_end": {
            "ru_utime_sec": 0.024604000000000001,
            "ru_stime_sec": 0.045282999999999997,
            "ru_maxrss_kb": 117636,
            "ru_minflt": 12625,
            "ru_majflt": 2,
            "ru_nvcsw": 39,
            "ru_nivcsw": 30
        },
        "ru_childs_end": {
            "ru_utime_sec": 0.017311,
            "ru_stime_sec": 0.0067289999999999997,
            "ru_maxrss_kb": 110036,
            "ru_minflt": 5342,
            "ru_majflt": 0,
            "ru_nvcsw": 26,
            "ru_nivcsw": 21
        },
        "cpu_cycles_end": 64087432610644,
        "peak_mem_kb": 377404
    },
    "Modules": {
        "...MASTER...": {
            "start_perf": [
                0.17683815956115723,
                0.024604000000000001,
                0.034588000000000001,
                295664,
                377404,
                1693046388.8432231,
                64087393537812
            ],
            "nMops": 0,
            "child_modules": {
                "_vcs_unit__2444631337": 1,
                "std": 1,
                "tb": 1
            },
            "end_perf": [
                0.17942595481872559,
                0.024604000000000001,
                0.035626999999999999,
                296432,
                377404,
                64087401828372,
                0,
                0
            ],
            "nQuads": 0,
            "nRouts": 5
        },
        "std": {
            "start_perf": [
                0.18267107009887695,
                0.024604000000000001,
                0.038872999999999998,
                302396,
                377404,
                1693046388.849056,
                64087412152788
            ],
            "child_modules": {},
            "nMops": 528,
            "Compiled Times": 4,
            "Compiled": "Yes",
            "end_perf": [
                0.18393111228942871,
                0.024604000000000001,
                0.040133000000000002,
                302396,
                377404,
                64087416202516,
                8589934594,
                0
            ],
            "svclass": [
                "$vcs_nba_dyn_obj",
                0,
                35,
                2,
                2,
                0,
                "sigprop$$",
                0,
                35,
                2,
                2,
                0,
                "process",
                0,
                200,
                8,
                8,
                0,
                "event",
                0,
                34,
                2,
                2,
                0,
                "mailbox",
                0,
                140,
                9,
                9,
                0,
                "semaphore",
                0,
                84,
                5,
                5,
                0
            ],
            "nQuads": 218,
            "nRouts": 33
        },
        "_vcs_unit__2444631337": {
            "start_perf": [
                0.17949509620666504,
                0.024604000000000001,
                0.035697,
                296432,
                377404,
                1693046388.84588,
                64087402027060
            ],
            "child_modules": {},
            "nMops": 245,
            "Compiled Times": 4,
            "Compiled": "Yes",
            "end_perf": [
                0.1826481819152832,
                0.024604000000000001,
                0.038850000000000003,
                302396,
                377404,
                64087412102900,
                4294967297,
                0
            ],
            "svclass": [
                "first",
                2232,
                245,
                3,
                3,
                4294967297
            ],
            "nQuads": 70,
            "nRouts": 8
        },
        "tb": {
            "start_perf": [
                0.18395614624023438,
                0.024604000000000001,
                0.040157999999999999,
                302396,
                377404,
                1693046388.8503411,
                64087416259060
            ],
            "nMops": 306,
            "child_modules": {},
            "Compiled Times": 4,
            "Compiled": "Yes",
            "end_perf": [
                0.18586301803588867,
                0.024604000000000001,
                0.042064999999999998,
                302652,
                377404,
                64087422385428,
                12884901889,
                0
            ],
            "nQuads": 79,
            "nRouts": 10
        }
    },
    "CompUnits": {
        "jNxLu_d": {
            "text": 2449,
            "mod": "_vcs_unit__2444631337",
            "out": "jNxLu_d.o",
            "bytes": 15234,
            "cls": 2232,
            "checksum": 0,
            "mode": 4,
            "archive": "archive.3/_28093_archive_1.a"
        },
        "g7hgQ_d": {
            "text": 2273,
            "mod": "tb",
            "out": "g7hgQ_d.o",
            "bytes": 13342,
            "checksum": 0,
            "mode": 4,
            "archive": "archive.3/_28093_archive_1.a"
        }
    },
    "reusePaths": {
        "reYIK_d": {
            "icPath": "csrc"
        },
        "amcQw_d": {
            "icPath": "csrc"
        }
    },
    "ObjArchives": [
        {
            "size": 143944,
            "archive": "archive.3/_28093_archive_1.a",
            "objects": [
                [
                    "jNxLu_d.o",
                    15234
                ],
                [
                    "g7hgQ_d.o",
                    13342
                ],
                [
                    "amcQwB.o",
                    115368
                ]
            ]
        }
    ]
}