{
    "stat": {
        "ru_self_end": {
            "ru_minflt": 12684,
            "ru_utime_sec": 0.039988000000000003,
            "ru_stime_sec": 0.033734,
            "ru_maxrss_kb": 117756,
            "ru_nvcsw": 57,
            "ru_majflt": 0,
            "ru_nivcsw": 17
        },
        "ru_childs_end": {
            "ru_minflt": 5341,
            "ru_utime_sec": 0.009665,
            "ru_stime_sec": 0.015332,
            "ru_maxrss_kb": 110008,
            "ru_nvcsw": 24,
            "ru_majflt": 0,
            "ru_nivcsw": 9
        },
        "cpu_cycles_end": 20159062389457,
        "peak_mem_kb": 379968
    },
    "reusePaths": {
        "amcQw_d": {
            "icPath": "csrc"
        },
        "reYIK_d": {
            "icPath": "csrc"
        }
    },
    "Modules": {
        "...MASTER...": {
            "start_perf": [
                0.1970970630645752,
                0.030370000000000001,
                0.030370000000000001,
                295544,
                379968,
                1693134077.510483,
                20159016095921
            ],
            "nRouts": 5,
            "nQuads": 0,
            "child_modules": {
                "std": 1,
                "_vcs_unit__2444631337": 1,
                "tb": 1
            },
            "end_perf": [
                0.19958996772766113,
                0.030856999999999999,
                0.030856999999999999,
                296372,
                379968,
                20159024087185,
                0,
                0
            ],
            "nMops": 0
        },
        "tb": {
            "start_perf": [
                0.20632195472717285,
                0.036854999999999999,
                0.03159,
                302620,
                379968,
                1693134077.5197079,
                20159045550833
            ],
            "nRouts": 10,
            "nQuads": 118,
            "child_modules": {},
            "Compiled": "Yes",
            "Compiled Times": 4,
            "end_perf": [
                0.20847296714782715,
                0.039005999999999999,
                0.03159,
                302620,
                379968,
                20159052450193,
                12884901889,
                0
            ],
            "nMops": 456
        },
        "_vcs_unit__2444631337": {
            "svclass": [
                "first",
                1872,
                163,
                3,
                3,
                4294967297,
                "second",
                2898,
                308,
                3,
                3,
                4294967307
            ],
            "start_perf": [
                0.19965910911560059,
                0.030890999999999998,
                0.030890999999999998,
                296372,
                379968,
                1693134077.5130451,
                20159024286577
            ],
            "nRouts": 11,
            "child_modules": {},
            "nQuads": 250,
            "Compiled": "Yes",
            "Compiled Times": 4,
            "end_perf": [
                0.20488905906677246,
                0.036082999999999997,
                0.030928000000000001,
                302620,
                379968,
                20159041011313,
                4294967297,
                0
            ],
            "nMops": 942
        },
        "std": {
            "svclass": [
                "$vcs_nba_dyn_obj",
                0,
                35,
                2,
                2,
                0,
                "sigprop$$",
                0,
                35,
                2,
                2,
                0,
                "process",
                0,
                200,
                8,
                8,
                0,
                "event",
                0,
                34,
                2,
                2,
                0,
                "mailbox",
                0,
                140,
                9,
                9,
                0,
                "semaphore",
                0,
                84,
                5,
                5,
                0
            ],
            "start_perf": [
                0.20492005348205566,
                0.0361,
                0.030942999999999998,
                302620,
                379968,
                1693134077.518306,
                20159041071665
            ],
            "nRouts": 33,
            "child_modules": {},
            "nQuads": 218,
            "Compiled": "Yes",
            "Compiled Times": 4,
            "end_perf": [
                0.20629501342773438,
                0.036840999999999999,
                0.031578000000000002,
                302620,
                379968,
                20159045491761,
                8589934594,
                0
            ],
            "nMops": 528
        }
    },
    "ObjArchives": [
        {
            "archive": "archive.3/_10376_archive_1.a",
            "objects": [
                [
                    "jNxLu_d.o",
                    23296
                ],
                [
                    "g7hgQ_d.o",
                    15426
                ],
                [
                    "amcQwB.o",
                    115458
                ]
            ],
            "size": 154180
        }
    ],
    "CompUnits": {
        "jNxLu_d": {
            "archive": "archive.3/_10376_archive_1.a",
            "mode": 4,
            "mod": "_vcs_unit__2444631337",
            "out": "jNxLu_d.o",
            "bytes": 23296,
            "checksum": 0,
            "text": 4993,
            "cls": 4770
        },
        "g7hgQ_d": {
            "archive": "archive.3/_10376_archive_1.a",
            "mode": 4,
            "mod": "tb",
            "out": "g7hgQ_d.o",
            "bytes": 15426,
            "checksum": 0,
            "text": 3057
        }
    }
}