{
    "Modules": {
        "_vcs_unit__2444631337": {
            "start_perf": [
                0.63022494316101074,
                0.031001000000000001,
                0.18044099999999999,
                299608,
                377404,
                1693814921.15468,
                8780264545071
            ],
            "nQuads": 26,
            "child_modules": {},
            "Compiled Times": 1,
            "Compiled": "Yes",
            "nRouts": 9,
            "nMops": 76,
            "end_perf": [
                0.63556981086730957,
                0.031001000000000001,
                0.183948,
                302624,
                377404,
                8780281634447,
                4294967297,
                0
            ],
            "svclass": [
                "generator",
                1165,
                76,
                4,
                3,
                4294967297
            ]
        },
        "...MASTER...": {
            "nQuads": 0,
            "start_perf": [
                0.61740994453430176,
                0.031001000000000001,
                0.17572499999999999,
                295416,
                377404,
                1693814921.141865,
                8780223632079
            ],
            "child_modules": {
                "std": 1,
                "tb": 1,
                "_vcs_unit__2444631337": 1
            },
            "nRouts": 5,
            "nMops": 0,
            "end_perf": [
                0.63012790679931641,
                0.031001000000000001,
                0.180343,
                299608,
                377404,
                8780264346479,
                0,
                0
            ]
        },
        "std": {
            "start_perf": [
                0.63559699058532715,
                0.031001000000000001,
                0.183976,
                302624,
                377404,
                1693814921.1600521,
                8780281690031
            ],
            "nQuads": 218,
            "child_modules": {},
            "Compiled Times": 1,
            "Compiled": "Yes",
            "significant_routs": [
                [
                    24,
                    "F_VCSgd_reYIK_24_0",
                    9962048,
                    984,
                    90
                ]
            ],
            "end_perf": [
                0.64425086975097656,
                0.032662999999999998,
                0.18781600000000001,
                302624,
                377404,
                8780309383631,
                8589934594,
                0
            ],
            "svclass": [
                "$vcs_nba_dyn_obj",
                576,
                35,
                2,
                2,
                0,
                "sigprop$$",
                576,
                35,
                2,
                2,
                0,
                "process",
                2380,
                200,
                8,
                8,
                0,
                "event",
                597,
                34,
                2,
                2,
                0,
                "mailbox",
                1769,
                140,
                9,
                9,
                0,
                "semaphore",
                1119,
                84,
                5,
                5,
                0
            ],
            "nRouts": 33,
            "nMops": 528
        },
        "tb": {
            "nQuads": 155,
            "start_perf": [
                0.64428901672363281,
                0.032668999999999997,
                0.18784999999999999,
                302624,
                377404,
                1693814921.1687441,
                8780309451343
            ],
            "child_modules": {},
            "Compiled Times": 1,
            "Compiled": "Yes",
            "nRouts": 20,
            "nMops": 395,
            "end_perf": [
                0.65001392364501953,
                0.032689999999999997,
                0.192056,
                302624,
                377404,
                8780327785903,
                12884901889,
                0
            ]
        }
    },
    "CompUnits": {
        "amcQw_d": {
            "mod": "...MASTER...",
            "out": "objs/amcQw_d.o",
            "checksum": 0,
            "bytes": 8194,
            "text": 474,
            "mode": 4
        },
        "jNxLu_d": {
            "mod": "_vcs_unit__2444631337",
            "archive": "archive.0/_6074_archive_1.a",
            "out": "jNxLu_d.o",
            "checksum": 0,
            "bytes": 15700,
            "text": 1414,
            "mode": 4,
            "cls": 1165
        },
        "reYIK_d": {
            "mod": "std",
            "archive": "archive.0/_6074_archive_1.a",
            "out": "reYIK_d.o",
            "checksum": 0,
            "bytes": 43226,
            "text": 7337,
            "mode": 4,
            "cls": 7017
        },
        "g7hgQ_d": {
            "mod": "tb",
            "archive": "archive.0/_6074_archive_1.a",
            "out": "g7hgQ_d.o",
            "checksum": 0,
            "bytes": 18536,
            "text": 3771,
            "mode": 4
        }
    },
    "reusePaths": {},
    "ObjArchives": [
        {
            "size": 194864,
            "archive": "archive.0/_6074_archive_1.a",
            "objects": [
                [
                    "jNxLu_d.o",
                    15700
                ],
                [
                    "reYIK_d.o",
                    43226
                ],
                [
                    "g7hgQ_d.o",
                    18536
                ],
                [
                    "amcQwB.o",
                    117402
                ]
            ]
        }
    ],
    "stat": {
        "ru_self_end": {
            "ru_utime_sec": 0.032689999999999997,
            "ru_nivcsw": 12,
            "ru_nvcsw": 252,
            "ru_minflt": 12657,
            "ru_stime_sec": 0.19509599999999999,
            "ru_maxrss_kb": 120528,
            "ru_majflt": 353
        },
        "ru_childs_end": {
            "ru_utime_sec": 0.013750999999999999,
            "ru_nivcsw": 13,
            "ru_nvcsw": 232,
            "ru_minflt": 4923,
            "ru_stime_sec": 0.143481,
            "ru_maxrss_kb": 112064,
            "ru_majflt": 263
        },
        "cpu_cycles_end": 8780340347727,
        "peak_mem_kb": 377404
    }
}