{
    "Modules": {
        "...MASTER...": {
            "start_perf": [
                0.18603205680847168,
                0.0089630000000000005,
                0.053781000000000002,
                295988,
                377404,
                1694509892.337528,
                54089919199662
            ],
            "child_modules": {
                "std": 1,
                "_vcs_unit__4011614891": 1,
                "tb": 1
            },
            "end_perf": [
                0.18850898742675781,
                0.0091260000000000004,
                0.054759000000000002,
                297396,
                377404,
                54089927144590,
                0,
                0
            ],
            "nQuads": 0,
            "nMops": 0,
            "nRouts": 5
        },
        "_vcs_unit__4011614891": {
            "start_perf": [
                0.18857908248901367,
                0.009136,
                0.054819,
                297396,
                377404,
                1694509892.340075,
                54089927344654
            ],
            "svclass": [
                "driver",
                0,
                248,
                8,
                3,
                4294967301
            ],
            "child_modules": {},
            "Compiled": "Yes",
            "nRouts": 17,
            "Compiled Times": 2,
            "end_perf": [
                0.18992400169372559,
                0.0093279999999999995,
                0.055972000000000001,
                297396,
                377404,
                54089931646382,
                4294967297,
                0
            ],
            "nQuads": 91,
            "nMops": 277
        },
        "add_if": {
            "start_perf": [
                0.19125914573669434,
                0.0095189999999999997,
                0.057116,
                297556,
                377404,
                1694509892.3427551,
                54089935890222
            ],
            "svclass": [
                "add_if_vcs_virt_intf_C",
                0,
                0,
                0,
                0,
                0
            ],
            "child_modules": {},
            "Compiled": "Yes",
            "nRouts": 9,
            "Compiled Times": 2,
            "end_perf": [
                0.19175195693969727,
                0.010012,
                0.057116,
                297556,
                377404,
                54089937485518,
                12884901889,
                0
            ],
            "nQuads": 18,
            "nMops": 57
        },
        "std": {
            "start_perf": [
                0.18994617462158203,
                0.0093310000000000008,
                0.055990999999999999,
                297396,
                377404,
                1694509892.3414421,
                54089931694766
            ],
            "svclass": [
                "$vcs_nba_dyn_obj",
                0,
                35,
                2,
                2,
                0,
                "sigprop$$",
                0,
                35,
                2,
                2,
                0,
                "process",
                0,
                200,
                8,
                8,
                0,
                "event",
                0,
                34,
                2,
                2,
                0,
                "mailbox",
                0,
                140,
                9,
                9,
                0,
                "semaphore",
                0,
                84,
                5,
                5,
                0
            ],
            "child_modules": {},
            "Compiled": "Yes",
            "nRouts": 33,
            "Compiled Times": 2,
            "end_perf": [
                0.19123411178588867,
                0.0095149999999999992,
                0.057095,
                297556,
                377404,
                54089935834606,
                8589934594,
                0
            ],
            "nQuads": 218,
            "nMops": 528
        },
        "tb": {
            "start_perf": [
                0.1917731761932373,
                0.010033,
                0.057116,
                297556,
                377404,
                1694509892.3432691,
                54089937529326
            ],
            "child_modules": {
                "add": 1,
                "add_if": 1
            },
            "Compiled": "Yes",
            "nRouts": 28,
            "Compiled Times": 2,
            "end_perf": [
                0.19298315048217773,
                0.011243,
                0.057116,
                297884,
                377404,
                54089941425006,
                17179869185,
                0
            ],
            "nQuads": 144,
            "nMops": 488
        },
        "add": {
            "start_perf": [
                0.19300603866577148,
                0.011266,
                0.057116,
                297884,
                377404,
                1694509892.344502,
                54089941469006
            ],
            "child_modules": {},
            "Compiled": "Yes",
            "nRouts": 19,
            "Compiled Times": 2,
            "end_perf": [
                0.19392013549804688,
                0.012179000000000001,
                0.057116,
                298420,
                377404,
                54089944413518,
                21474836481,
                0
            ],
            "nQuads": 59,
            "nMops": 141
        }
    },
    "CompUnits": {},
    "reusePaths": {
        "reYIK_d": {
            "icPath": "csrc"
        },
        "amcQw_d": {
            "icPath": "csrc"
        },
        "GNaSz_d": {
            "icPath": "csrc"
        },
        "FtJyq_d": {
            "icPath": "csrc"
        },
        "r1PsL_d": {
            "icPath": "csrc"
        },
        "g7hgQ_d": {
            "icPath": "csrc"
        }
    },
    "ObjArchives": [
        {
            "archive": "archive.1/_28293_archive_1.a",
            "objects": [
                [
                    "amcQwB.o",
                    115926
                ]
            ],
            "size": 115926
        }
    ],
    "stat": {
        "ru_self_end": {
            "ru_utime_sec": 0.013568,
            "ru_stime_sec": 0.058793999999999999,
            "ru_nivcsw": 49,
            "ru_maxrss_kb": 118960,
            "ru_minflt": 12746,
            "ru_majflt": 0,
            "ru_nvcsw": 37
        },
        "ru_childs_end": {
            "ru_utime_sec": 0.018256000000000001,
            "ru_stime_sec": 0.025645999999999999,
            "ru_nivcsw": 5,
            "ru_maxrss_kb": 114276,
            "ru_minflt": 12836,
            "ru_majflt": 0,
            "ru_nvcsw": 46
        },
        "cpu_cycles_end": 54089954163822,
        "peak_mem_kb": 377404
    }
}