{
    "Modules": {
        "...MASTER...": {
            "start_perf": [
                0.18163204193115234,
                0.012023000000000001,
                0.045784999999999999,
                295468,
                377404,
                1692785029.7840171,
                92698084411743
            ],
            "nRouts": 5,
            "child_modules": {
                "std": 1,
                "tb": 1,
                "_vcs_unit__2444631337": 1
            },
            "nQuads": 0,
            "end_perf": [
                0.18393802642822266,
                0.012023000000000001,
                0.046722,
                296236,
                377404,
                92698091797631,
                0,
                0
            ],
            "nMops": 0
        },
        "_vcs_unit__2444631337": {
            "svclass": [
                "first",
                0,
                83,
                2,
                2,
                4294967297
            ],
            "start_perf": [
                0.18399500846862793,
                0.012023000000000001,
                0.046779000000000001,
                296236,
                377404,
                1692785029.7863801,
                92698091961855
            ],
            "child_modules": {},
            "Compiled": "Yes",
            "Compiled Times": 8,
            "nMops": 83,
            "end_perf": [
                0.18497991561889648,
                0.012023000000000001,
                0.047764000000000001,
                296860,
                377404,
                92698095120511,
                4294967297,
                0
            ],
            "nQuads": 26,
            "nRouts": 7
        },
        "std": {
            "svclass": [
                "$vcs_nba_dyn_obj",
                0,
                35,
                2,
                2,
                0,
                "sigprop$$",
                0,
                35,
                2,
                2,
                0,
                "process",
                0,
                200,
                8,
                8,
                0,
                "event",
                0,
                34,
                2,
                2,
                0,
                "mailbox",
                0,
                140,
                9,
                9,
                0,
                "semaphore",
                0,
                84,
                5,
                5,
                0
            ],
            "start_perf": [
                0.18499994277954102,
                0.012023000000000001,
                0.047785000000000001,
                296860,
                377404,
                1692785029.787385,
                92698095163263
            ],
            "child_modules": {},
            "Compiled": "Yes",
            "Compiled Times": 8,
            "nMops": 528,
            "end_perf": [
                0.18626284599304199,
                0.012023000000000001,
                0.049047,
                296992,
                377404,
                92698099218815,
                8589934594,
                0
            ],
            "nQuads": 218,
            "nRouts": 33
        },
        "tb": {
            "start_perf": [
                0.18628692626953125,
                0.012023000000000001,
                0.049070999999999997,
                296992,
                377404,
                1692785029.788672,
                92698099273215
            ],
            "nRouts": 9,
            "child_modules": {},
            "Compiled": "Yes",
            "nMops": 271,
            "Compiled Times": 8,
            "nQuads": 80,
            "end_perf": [
                0.18827605247497559,
                0.012023000000000001,
                0.051054000000000002,
                302272,
                377404,
                92698105662271,
                12884901889,
                0
            ]
        }
    },
    "CompUnits": {
        "g7hgQ_d": {
            "text": 1261,
            "mod": "tb",
            "checksum": 0,
            "out": "g7hgQ_d.o",
            "bytes": 11390,
            "mode": 4,
            "archive": "archive.7/_39498_archive_1.a"
        }
    },
    "reusePaths": {
        "amcQw_d": {
            "icPath": "csrc"
        },
        "reYIK_d": {
            "icPath": "csrc"
        },
        "jNxLu_d": {
            "icPath": "csrc"
        }
    },
    "stat": {
        "peak_mem_kb": 377404,
        "ru_self_end": {
            "ru_utime_sec": 0.015034,
            "ru_stime_sec": 0.051054000000000002,
            "ru_majflt": 0,
            "ru_maxrss_kb": 116868,
            "ru_minflt": 12435,
            "ru_nvcsw": 49,
            "ru_nivcsw": 20
        },
        "ru_childs_end": {
            "ru_utime_sec": 0.016220999999999999,
            "ru_stime_sec": 0.0085570000000000004,
            "ru_majflt": 0,
            "ru_maxrss_kb": 111012,
            "ru_minflt": 5342,
            "ru_nvcsw": 26,
            "ru_nivcsw": 7
        },
        "cpu_cycles_end": 92698115227039
    },
    "ObjArchives": [
        {
            "archive": "archive.7/_39498_archive_1.a",
            "objects": [
                [
                    "g7hgQ_d.o",
                    11390
                ],
                [
                    "amcQwB.o",
                    114970
                ]
            ],
            "size": 126360
        }
    ]
}