{
    "Modules": {
        "...MASTER...": {
            "nRouts": 5,
            "start_perf": [
                0.24787497520446777,
                0.018617999999999999,
                0.038866999999999999,
                295500,
                377396,
                1695106044.6569779,
                27021591695305
            ],
            "child_modules": {
                "std": 1,
                "tb": 1
            },
            "end_perf": [
                0.25033307075500488,
                0.018617999999999999,
                0.039836000000000003,
                296392,
                377396,
                27021599582175,
                0,
                0
            ],
            "nMops": 0,
            "nQuads": 0
        },
        "std": {
            "start_perf": [
                0.25040507316589355,
                0.018617999999999999,
                0.039889000000000001,
                296392,
                377396,
                1695106044.659508,
                27021599788351
            ],
            "svclass": [
                "$vcs_nba_dyn_obj",
                0,
                35,
                2,
                2,
                0,
                "sigprop$$",
                0,
                35,
                2,
                2,
                0,
                "process",
                0,
                200,
                8,
                8,
                0,
                "event",
                0,
                34,
                2,
                2,
                0,
                "mailbox",
                0,
                140,
                9,
                9,
                0,
                "semaphore",
                0,
                84,
                5,
                5,
                0
            ],
            "child_modules": {},
            "Compiled": "Yes",
            "Compiled Times": 9,
            "end_perf": [
                0.25211310386657715,
                0.018617999999999999,
                0.041597000000000002,
                296932,
                377396,
                27021605250559,
                8589934594,
                0
            ],
            "nMops": 528,
            "nQuads": 218,
            "nRouts": 33
        },
        "tb": {
            "nRouts": 27,
            "start_perf": [
                0.25213813781738281,
                0.018617999999999999,
                0.041621999999999999,
                296932,
                377396,
                1695106044.6612411,
                27021605307103
            ],
            "child_modules": {},
            "Compiled": "Yes",
            "Compiled Times": 9,
            "end_perf": [
                0.25322699546813965,
                0.018617999999999999,
                0.042710999999999999,
                297160,
                377396,
                27021608809151,
                12884901889,
                0
            ],
            "nMops": 438,
            "nQuads": 202
        }
    },
    "CompUnits": {},
    "reusePaths": {
        "amcQw_d": {
            "icPath": "csrc"
        },
        "reYIK_d": {
            "icPath": "csrc"
        },
        "g7hgQ_d": {
            "icPath": "csrc"
        }
    },
    "ObjArchives": [
        {
            "archive": "archive.8/_19056_archive_1.a",
            "size": 116442,
            "objects": [
                [
                    "amcQwB.o",
                    116442
                ]
            ]
        }
    ],
    "stat": {
        "ru_self_end": {
            "ru_utime_sec": 0.018617999999999999,
            "ru_stime_sec": 0.045593000000000002,
            "ru_maxrss_kb": 115484,
            "ru_minflt": 12054,
            "ru_nivcsw": 69,
            "ru_majflt": 0,
            "ru_nvcsw": 50
        },
        "ru_childs_end": {
            "ru_utime_sec": 0.011854999999999999,
            "ru_stime_sec": 0.013015000000000001,
            "ru_maxrss_kb": 111276,
            "ru_minflt": 5350,
            "ru_nivcsw": 0,
            "ru_majflt": 0,
            "ru_nvcsw": 26
        },
        "cpu_cycles_end": 27021618189727,
        "peak_mem_kb": 377396
    }
}