{
    "ObjArchives": [
        {
            "archive": "archive.14/_23963_archive_1.a",
            "objects": [
                [
                    "g7hgQ_d.o",
                    17190
                ],
                [
                    "amcQwB.o",
                    115562
                ]
            ],
            "size": 132752
        }
    ],
    "Modules": {
        "...MASTER...": {
            "nMops": 0,
            "start_perf": [
                0.18637490272521973,
                0.022027999999999999,
                0.036822000000000001,
                295412,
                377404,
                1693994297.3281319,
                49524283954784
            ],
            "child_modules": {
                "std": 1,
                "tb": 1
            },
            "end_perf": [
                0.18915104866027832,
                0.022027999999999999,
                0.038024000000000002,
                296820,
                377404,
                49524292853152,
                0,
                0
            ],
            "nQuads": 0,
            "nRouts": 5
        },
        "std": {
            "svclass": [
                "$vcs_nba_dyn_obj",
                0,
                35,
                2,
                2,
                0,
                "sigprop$$",
                0,
                35,
                2,
                2,
                0,
                "process",
                0,
                200,
                8,
                8,
                0,
                "event",
                0,
                34,
                2,
                2,
                0,
                "mailbox",
                0,
                140,
                9,
                9,
                0,
                "semaphore",
                0,
                84,
                5,
                5,
                0
            ],
            "nMops": 528,
            "start_perf": [
                0.18921995162963867,
                0.022027999999999999,
                0.038093000000000002,
                296820,
                377404,
                1693994297.330977,
                49524293047840
            ],
            "child_modules": {},
            "Compiled": "Yes",
            "Compiled Times": 15,
            "nQuads": 218,
            "end_perf": [
                0.19101691246032715,
                0.022027999999999999,
                0.039890000000000002,
                296976,
                377404,
                49524298800256,
                8589934594,
                0
            ],
            "nRouts": 33
        },
        "tb": {
            "nMops": 261,
            "start_perf": [
                0.19104504585266113,
                0.022027999999999999,
                0.039918000000000002,
                296976,
                377404,
                1693994297.3328021,
                49524298858848
            ],
            "child_modules": {},
            "Compiled": "Yes",
            "nQuads": 87,
            "Compiled Times": 15,
            "end_perf": [
                0.19390392303466797,
                0.022027999999999999,
                0.042777000000000003,
                302352,
                377404,
                49524308029248,
                12884901889,
                0
            ],
            "nRouts": 18
        }
    },
    "CompUnits": {
        "g7hgQ_d": {
            "text": 2974,
            "mod": "tb",
            "out": "g7hgQ_d.o",
            "bytes": 17190,
            "mode": 4,
            "checksum": 0,
            "archive": "archive.14/_23963_archive_1.a"
        }
    },
    "reusePaths": {
        "amcQw_d": {
            "icPath": "csrc"
        },
        "reYIK_d": {
            "icPath": "csrc"
        }
    },
    "stat": {
        "ru_self_end": {
            "ru_utime_sec": 0.022027999999999999,
            "ru_nvcsw": 55,
            "ru_stime_sec": 0.045991999999999998,
            "ru_minflt": 12436,
            "ru_maxrss_kb": 116328,
            "ru_majflt": 0,
            "ru_nivcsw": 17
        },
        "ru_childs_end": {
            "ru_utime_sec": 0.012858,
            "ru_nvcsw": 26,
            "ru_stime_sec": 0.012555999999999999,
            "ru_minflt": 5341,
            "ru_maxrss_kb": 110856,
            "ru_majflt": 0,
            "ru_nivcsw": 5
        },
        "cpu_cycles_end": 49524318245984,
        "peak_mem_kb": 377404
    }
}