{
    "MlibObjs": {},
    "cycles_program_begin": 113837737451446,
    "LVLData": [
        "SIM"
    ],
    "CompileStatus": "Successful",
    "stat": {
        "ru_self_cgstart": {
            "ru_utime_sec": 0.0087609999999999997,
            "ru_stime_sec": 0.061641000000000001,
            "ru_nivcsw": 11,
            "ru_maxrss_kb": 110448,
            "ru_minflt": 11376,
            "ru_nvcsw": 58,
            "ru_majflt": 4
        },
        "peak_mem_kb": 377404,
        "outputSizePerQuad": 412.97802197802196,
        "ru_childs_cgstart": {
            "ru_utime_sec": 0.011809,
            "ru_stime_sec": 0.029735000000000001,
            "ru_nivcsw": 17,
            "ru_maxrss_kb": 110448,
            "ru_minflt": 5099,
            "ru_nvcsw": 25,
            "ru_majflt": 0
        },
        "ru_self_end": {
            "ru_utime_sec": 0.011270000000000001,
            "ru_stime_sec": 0.078894000000000006,
            "ru_nivcsw": 11,
            "ru_maxrss_kb": 118804,
            "ru_minflt": 12808,
            "ru_nvcsw": 59,
            "ru_majflt": 5
        },
        "ru_childs_end": {
            "ru_utime_sec": 0.011809,
            "ru_stime_sec": 0.029735000000000001,
            "ru_nivcsw": 17,
            "ru_maxrss_kb": 110448,
            "ru_minflt": 5099,
            "ru_nvcsw": 25,
            "ru_majflt": 0
        },
        "cpu_cycles_cgstart": 113841202267094,
        "cpu_cycles_end": 113841267077974,
        "totalObjSize": 225486,
        "realTime": 1.1151671409606934,
        "Frontend(%)": 89.128645088608678,
        "nMops": 1674,
        "nQuads": 546,
        "cpu_cycles_total": 3529626528,
        "CodeGen(%)": 10.871354911391327
    },
    "perf": [
        {
            "stat": [
                "main",
                "entry",
                0.010087013244628906,
                0.0087609999999999997,
                0.019574000000000001,
                200688,
                200688,
                0.0,
                0.0,
                1694352462.9951169,
                113837737645846
            ],
            "sub": [
                {
                    "stat": [
                        "doParsingAndDesignResolution",
                        "entry",
                        1.0164351463317871,
                        0.0087609999999999997,
                        0.027793000000000002,
                        209640,
                        210440,
                        0.0,
                        0.0,
                        1694352464.0014651,
                        113840951855574
                    ],
                    "sub": []
                },
                {
                    "stat": [
                        "doParsingAndDesignResolution",
                        "exit",
                        1.0218470096588135,
                        0.0087609999999999997,
                        0.034327000000000003,
                        312440,
                        377404,
                        0.0,
                        0.0,
                        1694352464.0068769,
                        113840969208118
                    ],
                    "sub": []
                },
                {
                    "stat": [
                        "doPostDesignResolutionToVir2Vcs",
                        "entry",
                        1.0245001316070557,
                        0.0087609999999999997,
                        0.037201999999999999,
                        294348,
                        377404,
                        0.0,
                        0.0,
                        1694352464.0095301,
                        113840977603190
                    ],
                    "sub": [
                        {
                            "stat": [
                                "doUptoVir2VcsNoSepCleanup",
                                "entry",
                                1.0291869640350342,
                                0.0087609999999999997,
                                0.039475000000000003,
                                294572,
                                377404,
                                0.0,
                                0.0,
                                1694352464.0142169,
                                113840992558847
                            ],
                            "sub": []
                        },
                        {
                            "stat": [
                                "doUptoVir2VcsNoSepCleanup",
                                "exit",
                                1.0564370155334473,
                                0.0087609999999999997,
                                0.057827999999999997,
                                295532,
                                377404,
                                0.0049670000000000001,
                                0.0032680000000000001,
                                1694352464.041467,
                                113841079642198
                            ],
                            "sub": []
                        },
                        {
                            "stat": [
                                "doRadify_vir2vcsAll",
                                "entry",
                                1.0564889907836914,
                                0.0087609999999999997,
                                0.057881000000000002,
                                295532,
                                377404,
                                0.0049670000000000001,
                                0.0032680000000000001,
                                1694352464.0415189,
                                113841079726422
                            ],
                            "sub": []
                        },
                        {
                            "stat": [
                                "doRadify_vir2vcsAll",
                                "exit",
                                1.0594251155853271,
                                0.0087609999999999997,
                                0.060817000000000003,
                                297068,
                                377404,
                                0.0049670000000000001,
                                0.0032680000000000001,
                                1694352464.0444551,
                                113841089152150
                            ],
                            "sub": []
                        }
                    ]
                },
                {
                    "stat": [
                        "doPostDesignResolutionToVir2Vcs",
                        "exit",
                        1.059453010559082,
                        0.0087609999999999997,
                        0.060845000000000003,
                        297068,
                        377404,
                        0.0049670000000000001,
                        0.0032680000000000001,
                        1694352464.0444829,
                        113841089188822
                    ],
                    "sub": []
                },
                {
                    "stat": [
                        "doGAToPass2",
                        "entry",
                        1.0594630241394043,
                        0.0087609999999999997,
                        0.060854999999999999,
                        297068,
                        377404,
                        0.0049670000000000001,
                        0.0032680000000000001,
                        1694352464.044493,
                        113841089216630
                    ],