{
    "Modules": {
        "...MASTER...": {
            "start_perf": [
                0.33131289482116699,
                0.023269000000000001,
                0.038564000000000001,
                295704,
                377404,
                1694352520.6699209,
                114021948299551
            ],
            "child_modules": {
                "std": 1,
                "_vcs_unit__2444631337": 1,
                "tb": 1
            },
            "end_perf": [
                0.33375000953674316,
                0.023269000000000001,
                0.039515000000000002,
                296528,
                377404,
                114021956103231,
                0,
                0
            ],
            "nQuads": 0,
            "nMops": 0,
            "nRouts": 5
        },
        "tb": {
            "Compiled Times": 2,
            "start_perf": [
                0.34254002571105957,
                0.027521,
                0.044034999999999998,
                302516,
                377404,
                1694352520.6811481,
                114021984154271
            ],
            "child_modules": {},
            "nRouts": 22,
            "Compiled": "Yes",
            "end_perf": [
                0.34345102310180664,
                0.027872000000000001,
                0.044595000000000003,
                302516,
                377404,
                114021987083263,
                12884901889,
                0
            ],
            "nQuads": 131,
            "nMops": 453
        },
        "_vcs_unit__2444631337": {
            "Compiled Times": 2,
            "start_perf": [
                0.33380699157714844,
                0.023269000000000001,
                0.039572999999999997,
                296528,
                377404,
                1694352520.672415,
                114021956269951
            ],
            "child_modules": {},
            "nRouts": 26,
            "Compiled": "Yes",
            "end_perf": [
                0.34117698669433594,
                0.026997,
                0.043195999999999998,
                302516,
                377404,
                114021979826911,
                4294967297,
                0
            ],
            "svclass": [
                "transaction",
                749,
                41,
                3,
                2,
                4294967297,
                "generator",
                4647,
                406,
                10,
                3,
                4294967304,
                "driver",
                2588,
                246,
                8,
                3,
                4294967325
            ],
            "nQuads": 394,
            "nMops": 1386
        },
        "std": {
            "Compiled Times": 2,
            "start_perf": [
                0.34120392799377441,
                0.027008000000000001,
                0.043212,
                302516,
                377404,
                1694352520.679812,
                114021979888799
            ],
            "child_modules": {},
            "nRouts": 33,
            "Compiled": "Yes",
            "end_perf": [
                0.3425140380859375,
                0.027511000000000001,
                0.044018000000000002,
                302516,
                377404,
                114021984095807,
                8589934594,
                0
            ],
            "svclass": [
                "$vcs_nba_dyn_obj",
                0,
                35,
                2,
                2,
                0,
                "sigprop$$",
                0,
                35,
                2,
                2,
                0,
                "process",
                0,
                200,
                8,
                8,
                0,
                "event",
                0,
                34,
                2,
                2,
                0,
                "mailbox",
                0,
                140,
                9,
                9,
                0,
                "semaphore",
                0,
                84,
                5,
                5,
                0
            ],
            "nQuads": 218,
            "nMops": 528
        }
    },
    "CompUnits": {
        "jNxLu_d": {
            "cls": 7984,
            "text": 8255,
            "mod": "_vcs_unit__2444631337",
            "out": "jNxLu_d.o",
            "checksum": 0,
            "bytes": 38708,
            "archive": "archive.1/_33532_archive_1.a",
            "mode": 4
        }
    },
    "reusePaths": {
        "amcQw_d": {
            "icPath": "csrc"
        },
        "reYIK_d": {
            "icPath": "csrc"
        },
        "g7hgQ_d": {
            "icPath": "csrc"
        }
    },
    "ObjArchives": [
        {
            "archive": "archive.1/_33532_archive_1.a",
            "objects": [
                [
                    "jNxLu_d.o",
                    38708
                ],
                [
                    "amcQwB.o",
                    115760
                ]
            ],
            "size": 154468
        }
    ],
    "stat": {
        "ru_self_end": {
            "ru_nivcsw": 16,
            "ru_maxrss_kb": 118096,
            "ru_utime_sec": 0.028247000000000001,
            "ru_stime_sec": 0.047284,
            "ru_minflt": 12655,
            "ru_majflt": 0,
            "ru_nvcsw": 54
        },
        "ru_childs_end": {
            "ru_nivcsw": 17,
            "ru_maxrss_kb": 110436,
            "ru_utime_sec": 0.017173999999999998,
            "ru_stime_sec": 0.0077889999999999999,
            "ru_minflt": 5342,
            "ru_majflt": 0,
            "ru_nvcsw": 25
        },
        "cpu_cycles_end": 114021996833151,
        "peak_mem_kb": 377404
    }
}