{
    "ObjArchives": [
        {
            "archive": "archive.4/_7208_archive_1.a",
            "size": 115450,
            "objects": [
                [
                    "amcQwB.o",
                    115450
                ]
            ]
        }
    ],
    "Modules": {
        "...MASTER...": {
            "start_perf": [
                0.76169300079345703,
                0.0057920000000000003,
                0.28419899999999998,
                295772,
                377776,
                1694496685.9348769,
                11909361770795
            ],
            "child_modules": {
                "std": 1,
                "tb": 1
            },
            "end_perf": [
                0.77649998664855957,
                0.0057920000000000003,
                0.28795100000000001,
                297216,
                377776,
                11909409090571,
                0,
                0
            ],
            "nRouts": 5,
            "nQuads": 0,
            "nMops": 0
        },
        "std": {
            "start_perf": [
                0.77656912803649902,
                0.0057920000000000003,
                0.28801900000000002,
                297216,
                377776,
                1694496685.949753,
                11909409271499
            ],
            "Compiled": "Yes",
            "child_modules": {},
            "Compiled Times": 5,
            "end_perf": [
                0.78557610511779785,
                0.0057920000000000003,
                0.291159,
                297216,
                377776,
                11909438068523,
                8589934594,
                0
            ],
            "svclass": [
                "$vcs_nba_dyn_obj",
                0,
                35,
                2,
                2,
                0,
                "sigprop$$",
                0,
                35,
                2,
                2,
                0,
                "process",
                0,
                200,
                8,
                8,
                0,
                "event",
                0,
                34,
                2,
                2,
                0,
                "mailbox",
                0,
                140,
                9,
                9,
                0,
                "semaphore",
                0,
                84,
                5,
                5,
                0
            ],
            "nQuads": 218,
            "nMops": 528,
            "nRouts": 33
        },
        "tb": {
            "Compiled": "Yes",
            "start_perf": [
                0.78647017478942871,
                0.0057920000000000003,
                0.291798,
                297640,
                377776,
                1694496685.9596541,
                11909440882955
            ],
            "child_modules": {
                "add": 1,
                "add_if": 1
            },
            "Compiled Times": 5,
            "end_perf": [
                0.7878570556640625,
                0.0057920000000000003,
                0.292848,
                297896,
                377776,
                11909445340011,
                17179869185,
                0
            ],
            "nRouts": 24,
            "nQuads": 109,
            "nMops": 250
        },
        "add_if": {
            "Compiled": "Yes",
            "start_perf": [
                0.78560519218444824,
                0.0057920000000000003,
                0.291188,
                297216,
                377776,
                1694496685.9587891,
                11909438124043
            ],
            "child_modules": {},
            "Compiled Times": 5,
            "end_perf": [
                0.78644919395446777,
                0.0057920000000000003,
                0.29177799999999998,
                297640,
                377776,
                11909440843211,
                12884901889,
                0
            ],
            "nRouts": 9,
            "nQuads": 18,
            "nMops": 57
        },
        "add": {
            "Compiled": "Yes",
            "start_perf": [
                0.78787803649902344,
                0.0057920000000000003,
                0.29286899999999999,
                297896,
                377776,
                1694496685.961062,
                11909445381515
            ],
            "child_modules": {},
            "Compiled Times": 5,
            "end_perf": [
                0.78904318809509277,
                0.0057920000000000003,
                0.293688,
                297896,
                377776,
                11909449131211,
                21474836481,
                0
            ],
            "nRouts": 10,
            "nQuads": 37,
            "nMops": 207
        }
    },
    "CompUnits": {},
    "reusePaths": {
        "g7hgQ_d": {
            "icPath": "csrc"
        },
        "amcQw_d": {
            "icPath": "csrc"
        },
        "reYIK_d": {
            "icPath": "csrc"
        },
        "r1PsL_d": {
            "icPath": "csrc"
        },
        "GNaSz_d": {
            "icPath": "csrc"
        }
    },
    "stat": {
        "ru_childs_end": {
            "ru_utime_sec": 0.014864,
            "ru_majflt": 264,
            "ru_maxrss_kb": 110964,
            "ru_stime_sec": 0.087871000000000005,
            "ru_minflt": 5164,
            "ru_nvcsw": 241,
            "ru_nivcsw": 21
        },
        "ru_self_end": {
            "ru_utime_sec": 0.0057920000000000003,
            "ru_majflt": 1401,
            "ru_maxrss_kb": 116944,
            "ru_stime_sec": 0.29722199999999999,
            "ru_minflt": 11858,
            "ru_nvcsw": 1079,
            "ru_nivcsw": 44
        },
        "cpu_cycles_end": 11909465951275,
        "peak_mem_kb": 377776
    }
}