{
    "Modules": {
        "...MASTER...": {
            "start_perf": [
                0.1818389892578125,
                0.037151000000000003,
                0.022290999999999998,
                295440,
                377404,
                1693830294.611949,
                57882432704880
            ],
            "child_modules": {
                "tb": 1,
                "std": 1,
                "_vcs_unit__2444631337": 1
            },
            "end_perf": [
                0.18331193923950195,
                0.037151000000000003,
                0.023762999999999999,
                299520,
                377404,
                57882437416496,
                0,
                0
            ],
            "nQuads": 0,
            "nMops": 0,
            "nRouts": 5
        },
        "_vcs_unit__2444631337": {
            "svclass": [
                "generator",
                749,
                42,
                3,
                2,
                4294967297
            ],
            "start_perf": [
                0.18337011337280273,
                0.037151000000000003,
                0.023820999999999998,
                299520,
                377404,
                1693830294.6134801,
                57882437588688
            ],
            "Compiled": "Yes",
            "child_modules": {},
            "Compiled Times": 1,
            "end_perf": [
                0.18537807464599609,
                0.037151000000000003,
                0.025829000000000001,
                302536,
                377404,
                57882444016976,
                4294967297,
                0
            ],
            "nQuads": 14,
            "nMops": 42,
            "nRouts": 8
        },
        "tb": {
            "start_perf": [
                0.18992400169372559,
                0.041265999999999997,
                0.026259999999999999,
                302536,
                377404,
                1693830294.620034,
                57882458511632
            ],
            "Compiled": "Yes",
            "child_modules": {},
            "end_perf": [
                0.1920621395111084,
                0.041265999999999997,
                0.028398,
                302536,
                377404,
                57882465375632,
                12884901889,
                0
            ],
            "Compiled Times": 1,
            "nQuads": 77,
            "nMops": 279,
            "nRouts": 9
        },
        "std": {
            "svclass": [
                "$vcs_nba_dyn_obj",
                576,
                35,
                2,
                2,
                0,
                "sigprop$$",
                576,
                35,
                2,
                2,
                0,
                "process",
                2380,
                200,
                8,
                8,
                0,
                "event",
                597,
                34,
                2,
                2,
                0,
                "mailbox",
                1769,
                140,
                9,
                9,
                0,
                "semaphore",
                1119,
                84,
                5,
                5,
                0
            ],
            "start_perf": [
                0.18540191650390625,
                0.037151000000000003,
                0.025853000000000001,
                302536,
                377404,
                1693830294.6155119,
                57882444067152
            ],
            "Compiled": "Yes",
            "child_modules": {},
            "Compiled Times": 1,
            "end_perf": [
                0.18989109992980957,
                0.041245999999999998,
                0.026246999999999999,
                302536,
                377404,
                57882458449712,
                8589934594,
                0
            ],
            "nQuads": 218,
            "nMops": 528,
            "nRouts": 33
        }
    },
    "CompUnits": {
        "amcQw_d": {
            "checksum": 0,
            "mod": "...MASTER...",
            "out": "objs/amcQw_d.o",
            "bytes": 8006,
            "text": 458,
            "mode": 4
        },
        "jNxLu_d": {
            "archive": "archive.0/_32187_archive_1.a",
            "checksum": 0,
            "mod": "_vcs_unit__2444631337",
            "out": "jNxLu_d.o",
            "bytes": 14070,
            "text": 966,
            "mode": 4,
            "cls": 749
        },
        "reYIK_d": {
            "archive": "archive.0/_32187_archive_1.a",
            "checksum": 0,
            "mod": "std",
            "out": "reYIK_d.o",
            "bytes": 43000,
            "text": 7325,
            "mode": 4,
            "cls": 7017
        },
        "g7hgQ_d": {
            "archive": "archive.0/_32187_archive_1.a",
            "checksum": 0,
            "mod": "tb",
            "out": "g7hgQ_d.o",
            "bytes": 13852,
            "text": 2201,
            "mode": 4
        }
    },
    "reusePaths": {},
    "stat": {
        "ru_childs_end": {
            "ru_utime_sec": 0.0138,
            "ru_stime_sec": 0.0099010000000000001,
            "ru_majflt": 0,
            "ru_maxrss_kb": 110252,
            "ru_minflt": 5099,
            "ru_nivcsw": 16,
            "ru_nvcsw": 25
        },
        "ru_self_end": {
            "ru_utime_sec": 0.043020000000000003,
            "ru_stime_sec": 0.029267000000000001,
            "ru_majflt": 0,
            "ru_maxrss_kb": 117964,
            "ru_minflt": 12678,
            "ru_nivcsw": 10,
            "ru_nvcsw": 49
        },
        "cpu_cycles_end": 57882473700080,
        "peak_mem_kb": 377404
    },
    "ObjArchives": [
        {
            "size": 187260,
            "archive": "archive.0/_32187_archive_1.a",
            "objects": [
                [
                    "jNxLu_d.o",
                    14070
                ],
                [
                    "reYIK_d.o",
                    43000
                ],
                [
                    "g7hgQ_d.o",
                    13852
                ],
                [
                    "amcQwB.o",
                    116338
                ]
            ]
        }
    ]
}