{
    "Modules": {
        "...MASTER...": {
            "nQuads": 0,
            "start_perf": [
                0.32277607917785645,
                0.028084000000000001,
                0.032765000000000002,
                295660,
                377404,
                1694336641.202436,
                63303637369821
            ],
            "child_modules": {
                "std": 1,
                "_vcs_unit__2444631337": 1,
                "tb": 1
            },
            "nMops": 0,
            "end_perf": [
                0.32520222663879395,
                0.028542999999999999,
                0.033300000000000003,
                296496,
                377404,
                63303645134653,
                0,
                0
            ],
            "nRouts": 5
        },
        "tb": {
            "nQuads": 95,
            "start_perf": [
                0.33165502548217773,
                0.034145000000000002,
                0.034145000000000002,
                302716,
                377404,
                1694336641.2113149,
                63303665719773
            ],
            "child_modules": {},
            "Compiled": "Yes",
            "Compiled Times": 2,
            "nMops": 362,
            "end_perf": [
                0.33240914344787598,
                0.034521999999999997,
                0.034521999999999997,
                302716,
                377404,
                63303668150013,
                12884901889,
                0
            ],
            "nRouts": 13
        },
        "_vcs_unit__2444631337": {
            "nQuads": 214,
            "start_perf": [
                0.32526111602783203,
                0.028570000000000002,
                0.033332000000000001,
                296496,
                377404,
                1694336641.204921,
                63303645305565
            ],
            "child_modules": {},
            "Compiled": "Yes",
            "Compiled Times": 2,
            "svclass": [
                "generator",
                2034,
                189,
                5,
                3,
                4294967297,
                "driver",
                2132,
                185,
                5,
                3,
                4294967311
            ],
            "nMops": 748,
            "end_perf": [
                0.33026218414306641,
                0.033447999999999999,
                0.033447999999999999,
                302716,
                377404,
                63303661299805,
                4294967297,
                0
            ],
            "nRouts": 15
        },
        "std": {
            "nQuads": 218,
            "start_perf": [
                0.33028817176818848,
                0.033460999999999998,
                0.033460999999999998,
                302716,
                377404,
                1694336641.2099481,
                63303661352605
            ],
            "child_modules": {},
            "Compiled": "Yes",
            "Compiled Times": 2,
            "svclass": [
                "$vcs_nba_dyn_obj",
                0,
                35,
                2,
                2,
                0,
                "sigprop$$",
                0,
                35,
                2,
                2,
                0,
                "process",
                0,
                200,
                8,
                8,
                0,
                "event",
                0,
                34,
                2,
                2,
                0,
                "mailbox",
                0,
                140,
                9,
                9,
                0,
                "semaphore",
                0,
                84,
                5,
                5,
                0
            ],
            "nMops": 528,
            "end_perf": [
                0.33162903785705566,
                0.034132000000000003,
                0.034132000000000003,
                302716,
                377404,
                63303665662269,
                8589934594,
                0
            ],
            "nRouts": 33
        }
    },
    "ObjArchives": [
        {
            "size": 141350,
            "archive": "archive.1/_20481_archive_1.a",
            "objects": [
                [
                    "jNxLu_d.o",
                    25832
                ],
                [
                    "amcQwB.o",
                    115518
                ]
            ]
        }
    ],
    "CompUnits": {
        "jNxLu_d": {
            "mod": "_vcs_unit__2444631337",
            "cls": 4166,
            "out": "jNxLu_d.o",
            "bytes": 25832,
            "text": 4419,
            "mode": 4,
            "checksum": 0,
            "archive": "archive.1/_20481_archive_1.a"
        }
    },
    "reusePaths": {
        "g7hgQ_d": {
            "icPath": "csrc"
        },
        "reYIK_d": {
            "icPath": "csrc"
        },
        "amcQw_d": {
            "icPath": "csrc"
        }
    },
    "stat": {
        "peak_mem_kb": 377404,
        "ru_self_end": {
            "ru_minflt": 12664,
            "ru_utime_sec": 0.034521999999999997,
            "ru_nvcsw": 58,
            "ru_majflt": 0,
            "ru_maxrss_kb": 117824,
            "ru_stime_sec": 0.037547999999999998,
            "ru_nivcsw": 12
        },
        "ru_childs_end": {
            "ru_minflt": 5342,
            "ru_utime_sec": 0.0094889999999999992,
            "ru_nvcsw": 25,
            "ru_majflt": 0,
            "ru_maxrss_kb": 110364,
            "ru_stime_sec": 0.015782999999999998,
            "ru_nivcsw": 8
        },
        "cpu_cycles_end": 63303677776477
    }
}