{
    "CompileProcesses": [
        "cgproc.18197.json"
    ],
    "cpu_cycles_pass2_start": 27714897642911,
    "cycles_program_begin": 27713655202495,
    "perf": [
        {
            "stat": [
                "main",
                "entry",
                0.01035308837890625,
                0.029336000000000001,
                0.0,
                200688,
                200688,
                0.0,
                0.0,
                1694671467.573416,
                27713655392095
            ],
            "sub": [
                {
                    "stat": [
                        "doParsingAndDesignResolution",
                        "entry",
                        0.13696503639221191,
                        0.029784000000000001,
                        0.0074460000000000004,
                        209644,
                        210444,
                        0.0,
                        0.0,
                        1694671467.7000279,
                        27714059760639
                    ],
                    "sub": []
                },
                {
                    "stat": [
                        "doParsingAndDesignResolution",
                        "exit",
                        0.14468717575073242,
                        0.030393,
                        0.015447000000000001,
                        314344,
                        379360,
                        0.0,
                        0.0,
                        1694671467.7077501,
                        27714084442847
                    ],
                    "sub": []
                },
                {
                    "stat": [
                        "doPostDesignResolutionToVir2Vcs",
                        "entry",
                        0.14753198623657227,
                        0.030393,
                        0.019421000000000001,
                        296224,
                        379360,
                        0.0,
                        0.0,
                        1694671467.7105949,
                        27714093511551
                    ],
                    "sub": [
                        {
                            "stat": [
                                "doUptoVir2VcsNoSepCleanup",
                                "entry",
                                0.1642920970916748,
                                0.030393,
                                0.024702000000000002,
                                296608,
                                379360,
                                0.0,
                                0.0,
                                1694671467.727355,
                                27714147047647
                            ],
                            "sub": []
                        },
                        {
                            "stat": [
                                "doUptoVir2VcsNoSepCleanup",
                                "exit",
                                0.24522018432617188,
                                0.030393,
                                0.051208999999999998,
                                297720,
                                379360,
                                0.0072950000000000003,
                                0.00090600000000000001,
                                1694671467.8082831,
                                27714405556479
                            ],
                            "sub": []
                        },
                        {
                            "stat": [
                                "doRadify_vir2vcsAll",
                                "entry",
                                0.24539709091186523,
                                0.030393,
                                0.051386000000000001,
                                297720,
                                379360,
                                0.0072950000000000003,
                                0.00090600000000000001,
                                1694671467.80846,
                                27714406068735
                            ],
                            "sub": []
                        },
                        {
                            "stat": [
                                "doRadify_vir2vcsAll",
                                "exit",
                                0.25312304496765137,
                                0.030393,
                                0.055106000000000002,
                                299508,
                                379360,
                                0.0072950000000000003,
                                0.00090600000000000001,
                                1694671467.816186,
                                27714430805791
                            ],
                            "sub": []
                        }
                    ]
                },
                {
                    "stat": [
                        "doPostDesignResolutionToVir2Vcs",
                        "exit",
                        0.25316500663757324,
                        0.030393,
                        0.055148999999999997,
                        299508,
                        379360,
                        0.0072950000000000003,
                        0.00090600000000000001,
                        1694671467.8162279,
                        27714430857055
                    ],
                    "sub": []
                },
                {
                    "stat": [
                        "doGAToPass2",
                        "entry",
                        0.25317907333374023,
                        0.030393,
                        0.055163999999999998,
                        299508,
                        379360,
                        0.0072950000000000003,
                        0.00090600000000000001,
                        1694671467.816242,
                        27714430892639
                    ],
                    "sub": [
                        {
                            "stat": [
                                "DoPass2",
                                "entry",
                                0.39928817749023438,
                                0.030393,
                                0.056853000000000001,
                                297952,
                                379360,
                                0.012022,
                                0.037169000000000001,
                                1694671467.9623511,
                                27714897632735
                            ],
                            "sub": []
                        },
                        {
                            "stat": [
                                "DoPass2",
                                "exit",
                                0.45006418228149414,
                                0.030393,
                                0.089860999999999996,
                                307928,
                                379360,
                                0.012022,
                                0.037169000000000001,
                                1694671468.0131271,
                                27715059763231
                            ],
                            "sub": []
                        }
                    ]
                },
                {
                    "stat": [
                        "doGAToPass2",
                        "exit",
                        0.45184016227722168,
                        0.030393,
                        0.091636999999999996,
                        307928,
                        379360,
                        0.012022,
                        0.037169000000000001,
                        1694671468.0149031,
                        27715065428927
                    ],