{
    "Modules": {
        "...MASTER...": {
            "child_modules": {
                "vcs_paramclassrepository": 1,
                "tb": 1,
                "std": 1,
                "_vcs_unit__4011614891": 1
            },
            "start_perf": [
                0.22990798950195312,
                0.027521,
                0.082479999999999998,
                296348,
                377536,
                1694672534.897893,
                31122657272959
            ],
            "nRouts": 5,
            "end_perf": [
                0.23264098167419434,
                0.028791000000000001,
                0.082479999999999998,
                297756,
                377536,
                31122666076031,
                0,
                0
            ],
            "nQuads": 0,
            "nMops": 0
        },
        "add": {
            "Compiled Times": 2,
            "child_modules": {},
            "start_perf": [
                0.23940896987915039,
                0.034973999999999998,
                0.083063999999999999,
                298416,
                377536,
                1694672534.9073939,
                31122687612031
            ],
            "nRouts": 19,
            "end_perf": [
                0.24031615257263184,
                0.035881000000000003,
                0.083063999999999999,
                298748,
                377536,
                31122690535167,
                21474836481,
                0
            ],
            "Compiled": "Yes",
            "nQuads": 59,
            "nMops": 141
        },
        "vcs_paramclassrepository": {
            "child_modules": {},
            "Compiled Times": 2,
            "start_perf": [
                0.23272299766540527,
                0.028872999999999999,
                0.082479999999999998,
                297756,
                377536,
                1694672534.900708,
                31122666269599
            ],
            "end_perf": [
                0.23380208015441895,
                0.029950999999999998,
                0.082479999999999998,
                297756,
                377536,
                31122669731999,
                25769803777,
                0
            ],
            "nRouts": 14,
            "Compiled": "Yes",
            "svclass": [
                "std_mailbox_28099441781665632240_61",
                0,
                136,
                9,
                9,
                0
            ],
            "nQuads": 56,
            "nMops": 136
        },
        "_vcs_unit__4011614891": {
            "child_modules": {},
            "Compiled Times": 2,
            "start_perf": [
                0.2338249683380127,
                0.029975000000000002,
                0.082479999999999998,
                297756,
                377536,
                1694672534.9018099,
                31122669778687
            ],
            "end_perf": [
                0.23603296279907227,
                0.032182000000000002,
                0.082479999999999998,
                297912,
                377536,
                31122676863263,
                4294967297,
                0
            ],
            "nRouts": 34,
            "Compiled": "Yes",
            "svclass": [
                "transaction",
                0,
                262,
                5,
                4,
                4294967302,
                "generator",
                0,
                384,
                10,
                3,
                4294967319,
                "driver",
                0,
                415,
                10,
                3,
                4294967342
            ],
            "nQuads": 304,
            "nMops": 1090
        },
        "tb": {
            "Compiled Times": 2,
            "child_modules": {
                "add": 1,
                "add_if": 1
            },
            "start_perf": [
                0.23781704902648926,
                0.033966999999999997,
                0.082479999999999998,
                297912,
                377536,
                1694672534.905802,
                31122682527295
            ],
            "nRouts": 47,
            "end_perf": [
                0.23938798904418945,
                0.034967999999999999,
                0.083048999999999998,
                298416,
                377536,
                31122687571423,
                17179869185,
                0
            ],
            "Compiled": "Yes",
            "nQuads": 268,
            "nMops": 901
        },
        "std": {
            "child_modules": {},
            "Compiled Times": 2,
            "start_perf": [
                0.23606014251708984,
                0.032210000000000003,
                0.082479999999999998,
                297912,
                377536,
                1694672534.9040451,
                31122676917503
            ],
            "end_perf": [
                0.23729801177978516,
                0.033446999999999998,
                0.082479999999999998,
                297912,
                377536,
                31122680894079,
                8589934594,
                0
            ],
            "nRouts": 33,
            "Compiled": "Yes",
            "svclass": [
                "$vcs_nba_dyn_obj",
                0,
                35,
                2,
                2,
                0,
                "sigprop$$",
                0,
                35,
                2,
                2,
                0,
                "process",
                0,
                200,
                8,
                8,
                0,
                "event",
                0,
                34,
                2,
                2,
                0,
                "mailbox",
                0,
                140,
                9,
                9,
                0,
                "semaphore",
                0,
                84,
                5,
                5,
                0
            ],
            "nQuads": 218,
            "nMops": 528
        },
        "add_if": {
            "child_modules": {},
            "Compiled Times": 2,
            "start_perf": [
                0.23732304573059082,
                0.033473000000000003,
                0.082479999999999998,
                297912,
                377536,
                1694672534.905308,
                31122680950751
            ],
            "end_perf": [
                0.23779606819152832,
                0.033945000000000003,
                0.082479999999999998,
                297912,
                377536,
                31122682482399,
                12884901889,
                0
            ],
            "nRouts": 9,
            "Compiled": "Yes",
            "svclass": [
                "add_if_vcs_virt_intf_C",
                0,
                0,
                0,
                0,
                0
            ],
            "nQuads": 18,
            "nMops": 57
        }
    },
    "CompUnits": {},
    "reusePaths": {
        "amcQw_d": {
            "icPath": "csrc"
        },
        "hEeZs_d": {
            "icPath": "csrc"
        },
        "GNaSz_d": {
            "icPath": "csrc"
        },
        "g7hgQ_d": {
            "icPath": "csrc"
        },
        "r1PsL_d": {
            "icPath": "csrc"
        },
        "FtJyq_d": {
            "icPath": "csrc"
        },
        "reYIK_d": {
            "icPath": "csrc"
        }
    },
    "stat": {
        "cpu_cycles_end": 31122699924095,
        "ru_self_end": {
            "ru_utime_sec": 0.037830000000000003,
            "ru_nvcsw": 45,
            "ru_majflt": 2,
            "ru_stime_sec": 0.084068000000000004,
            "ru_minflt": 12943,
            "ru_maxrss_kb": 119660,
            "ru_nivcsw": 37
        },
        "ru_childs_end": {
            "ru_utime_sec": 0.016079,
            "ru_nvcsw": 26,