{
    "cpu_cycles_pass2_start": 32979486831071,
    "incremental": "on",
    "NameTable": {
        "std": [
            "std",
            "reYIK",
            "module",
            1
        ],
        "tb": [
            "tb",
            "g7hgQ",
            "module",
            2
        ],
        "...MASTER...": [
            "SIM",
            "amcQw",
            "module",
            3
        ]
    },
    "cycles_program_begin": 32978911846751,
    "perf": [
        {
            "stat": [
                "main",
                "entry",
                0.010492086410522461,
                0.019293000000000001,
                0.0096460000000000001,
                200680,
                200680,
                0.0,
                0.0,
                1695107909.8380661,
                32978912033983
            ],
            "sub": [
                {
                    "stat": [
                        "doParsingAndDesignResolution",
                        "entry",
                        0.13501596450805664,
                        0.019293000000000001,
                        0.017777999999999999,
                        209632,
                        210432,
                        0.0,
                        0.0,
                        1695107909.96259,
                        32979309737711
                    ],
                    "sub": []
                },
                {
                    "stat": [
                        "doParsingAndDesignResolution",
                        "exit",
                        0.1395869255065918,
                        0.019293000000000001,
                        0.022849000000000001,
                        312344,
                        377396,
                        0.0,
                        0.0,
                        1695107909.9671609,
                        32979324336911
                    ],
                    "sub": []
                },
                {
                    "stat": [
                        "doPostDesignResolutionToVir2Vcs",
                        "entry",
                        0.1425330638885498,
                        0.019293000000000001,
                        0.026069999999999999,
                        294296,
                        377396,
                        0.0,
                        0.0,
                        1695107909.9701071,
                        32979333743455
                    ],
                    "sub": [
                        {
                            "stat": [
                                "doUptoVir2VcsNoSepCleanup",
                                "entry",
                                0.14387297630310059,
                                0.019293000000000001,
                                0.027411000000000001,
                                294488,
                                377396,
                                0.0,
                                0.0,
                                1695107909.971447,
                                32979337998655
                            ],
                            "sub": []
                        },
                        {
                            "stat": [
                                "doUptoVir2VcsNoSepCleanup",
                                "exit",
                                0.1654210090637207,
                                0.019293000000000001,
                                0.041371999999999999,
                                307676,
                                377396,
                                0.0058570000000000002,
                                0.0018320000000000001,
                                1695107909.992995,
                                32979406890847
                            ],
                            "sub": []
                        },
                        {
                            "stat": [
                                "doRadify_vir2vcsAll",
                                "entry",
                                0.16548705101013184,
                                0.019293000000000001,
                                0.041438999999999997,
                                307676,
                                377396,
                                0.0058570000000000002,
                                0.0018320000000000001,
                                1695107909.9930611,
                                32979407011551
                            ],
                            "sub": []
                        },
                        {
                            "stat": [
                                "doRadify_vir2vcsAll",
                                "exit",
                                0.17249393463134766,
                                0.019293000000000001,
                                0.048335000000000003,
                                307676,
                                377396,
                                0.0058570000000000002,
                                0.0018320000000000001,
                                1695107910.0000679,
                                32979429513311
                            ],
                            "sub": []
                        }
                    ]
                },
                {
                    "stat": [
                        "doPostDesignResolutionToVir2Vcs",
                        "exit",
                        0.1725471019744873,
                        0.019293000000000001,
                        0.048389000000000001,
                        307676,
                        377396,
                        0.0058570000000000002,
                        0.0018320000000000001,
                        1695107910.0001211,
                        32979429554143
                    ],
                    "sub": []
                },
                {
                    "stat": [
                        "doGAToPass2",
                        "entry",
                        0.17255806922912598,
                        0.019293000000000001,
                        0.048399999999999999,
                        307676,
                        377396,
                        0.0058570000000000002,
                        0.0018320000000000001,
                        1695107910.0001321,
                        32979429584191
                    ],
                    "sub": [
                        {
                            "stat": [
                                "DoPass2",
                                "entry",
                                0.19045591354370117,
                                0.019293000000000001,
                                0.049669999999999999,
                                295372,
                                377396,
                                0.015294,
                                0.0088699999999999994,
                                1695107910.0180299,
                                32979486821087
                            ],
                            "sub": []
                        },
                        {
                            "stat": [
                                "DoPass2",
                                "exit",
                                0.19816994667053223,
                                0.019293000000000001,
                                0.055940999999999998,
                                303900,
                                377396,
                                0.016754000000000002,
                                0.0088699999999999994,
                                1695107910.025744,
                                32979511426879
                            ],