{
    "reusePaths": {
        "amcQw_d": {
            "icPath": "csrc"
        },
        "reYIK_d": {
            "icPath": "csrc"
        },
        "g7hgQ_d": {
            "icPath": "csrc"
        }
    },
    "Modules": {
        "tb": {
            "child_modules": {},
            "start_perf": [
                0.19083881378173828,
                0.012632000000000001,
                0.055143999999999999,
                296928,
                377396,
                1695108320.7587149,
                34291378692975
            ],
            "Compiled": "Yes",
            "nQuads": 71,
            "end_perf": [
                0.19161081314086914,
                0.012632000000000001,
                0.055916,
                297156,
                377396,
                34291381181647,
                12884901889,
                0
            ],
            "Compiled Times": 4,
            "nRouts": 14,
            "nMops": 104
        },
        "...MASTER...": {
            "child_modules": {
                "std": 1,
                "tb": 1
            },
            "start_perf": [
                0.18623495101928711,
                0.012632000000000001,
                0.052129000000000002,
                295372,
                377396,
                1695108320.7541111,
                34291364002575
            ],
            "nQuads": 0,
            "end_perf": [
                0.18901491165161133,
                0.012632000000000001,
                0.053319999999999999,
                296388,
                377396,
                34291372902799,
                0,
                0
            ],
            "nRouts": 5,
            "nMops": 0
        },
        "std": {
            "start_perf": [
                0.18907690048217773,
                0.012632000000000001,
                0.053381999999999999,
                296388,
                377396,
                1695108320.756953,
                34291373071599
            ],
            "child_modules": {},
            "Compiled": "Yes",
            "nQuads": 218,
            "Compiled Times": 4,
            "end_perf": [
                0.19081401824951172,
                0.012632000000000001,
                0.055119000000000001,
                296928,
                377396,
                34291378637071,
                8589934594,
                0
            ],
            "svclass": [
                "$vcs_nba_dyn_obj",
                0,
                35,
                2,
                2,
                0,
                "sigprop$$",
                0,
                35,
                2,
                2,
                0,
                "process",
                0,
                200,
                8,
                8,
                0,
                "event",
                0,
                34,
                2,
                2,
                0,
                "mailbox",
                0,
                140,
                9,
                9,
                0,
                "semaphore",
                0,
                84,
                5,
                5,
                0
            ],
            "nRouts": 33,
            "nMops": 528
        }
    },
    "stat": {
        "ru_self_end": {
            "ru_minflt": 12033,
            "ru_utime_sec": 0.012632000000000001,
            "ru_stime_sec": 0.058744999999999999,
            "ru_nvcsw": 54,
            "ru_maxrss_kb": 115788,
            "ru_majflt": 0,
            "ru_nivcsw": 15
        },
        "ru_childs_end": {
            "ru_minflt": 5349,
            "ru_utime_sec": 0.009887,
            "ru_stime_sec": 0.014621,
            "ru_nvcsw": 25,
            "ru_maxrss_kb": 110920,
            "ru_majflt": 0,
            "ru_nivcsw": 12
        },
        "cpu_cycles_end": 34291390175887,
        "peak_mem_kb": 377396
    },
    "CompUnits": {},
    "ObjArchives": [
        {
            "archive": "archive.3/_26690_archive_1.a",
            "objects": [
                [
                    "amcQwB.o",
                    115242
                ]
            ],
            "size": 115242
        }
    ]
}