{
    "Modules": {
        "std": {
            "start_perf": [
                0.19418001174926758,
                0.027706000000000001,
                0.038129000000000003,
                296916,
                377404,
                1693831094.040441,
                60435801864936
            ],
            "child_modules": {},
            "Compiled": "Yes",
            "nQuads": 218,
            "Compiled Times": 3,
            "svclass": [
                "$vcs_nba_dyn_obj",
                0,
                35,
                2,
                2,
                0,
                "sigprop$$",
                0,
                35,
                2,
                2,
                0,
                "process",
                0,
                200,
                8,
                8,
                0,
                "event",
                0,
                34,
                2,
                2,
                0,
                "mailbox",
                0,
                140,
                9,
                9,
                0,
                "semaphore",
                0,
                84,
                5,
                5,
                0
            ],
            "end_perf": [
                0.19562196731567383,
                0.027706000000000001,
                0.039571000000000002,
                297108,
                377404,
                60435806498440,
                8589934594,
                0
            ],
            "nMops": 528,
            "nRouts": 33
        },
        "...MASTER...": {
            "start_perf": [
                0.1904759407043457,
                0.027706000000000001,
                0.035852000000000002,
                295700,
                377404,
                1693831094.036737,
                60435790046184
            ],
            "child_modules": {
                "std": 1,
                "tb": 1,
                "_vcs_unit__2444631337": 1
            },
            "nRouts": 5,
            "end_perf": [
                0.19297695159912109,
                0.027706000000000001,
                0.036926,
                296468,
                377404,
                60435798063912,
                0,
                0
            ],
            "nQuads": 0,
            "nMops": 0
        },
        "_vcs_unit__2444631337": {
            "start_perf": [
                0.19304609298706055,
                0.027706000000000001,
                0.036996000000000001,
                296468,
                377404,
                1693831094.0393071,
                60435798257768
            ],
            "child_modules": {},
            "Compiled": "Yes",
            "nQuads": 14,
            "Compiled Times": 3,
            "svclass": [
                "generator",
                0,
                42,
                3,
                2,
                4294967297
            ],
            "end_perf": [
                0.19415688514709473,
                0.027706000000000001,
                0.038106000000000001,
                296916,
                377404,
                60435801814696,
                4294967297,
                0
            ],
            "nMops": 42,
            "nRouts": 8
        },
        "tb": {
            "start_perf": [
                0.1956479549407959,
                0.027706000000000001,
                0.039598000000000001,
                297108,
                377404,
                1693831094.041909,
                60435806555912
            ],
            "child_modules": {},
            "Compiled": "Yes",
            "nQuads": 248,
            "Compiled Times": 3,
            "significant_routs": [
                [
                    3,
                    "R_VCSgd_g7hgQ_3",
                    3275744,
                    2377,
                    334
                ]
            ],
            "end_perf": [
                0.19920992851257324,
                0.027706000000000001,
                0.043159000000000003,
                302792,
                377404,
                60435817977032,
                12884901889,
                0
            ],
            "nMops": 728,
            "nRouts": 13
        }
    },
    "reusePaths": {
        "amcQw_d": {
            "icPath": "csrc"
        },
        "jNxLu_d": {
            "icPath": "csrc"
        },
        "reYIK_d": {
            "icPath": "csrc"
        }
    },
    "CompUnits": {
        "g7hgQ_d": {
            "archive": "archive.2/_34239_archive_1.a",
            "mod": "tb",
            "checksum": 0,
            "out": "g7hgQ_d.o",
            "text": 2963,
            "bytes": 17800,
            "mode": 4
        }
    },
    "ObjArchives": [
        {
            "archive": "archive.2/_34239_archive_1.a",
            "objects": [
                [
                    "g7hgQ_d.o",
                    17800
                ],
                [
                    "amcQwB.o",
                    116678
                ]
            ],
            "size": 134478
        }
    ],
    "stat": {
        "cpu_cycles_end": 60435827847432,
        "ru_self_end": {
            "ru_minflt": 12728,
            "ru_utime_sec": 0.027706000000000001,
            "ru_stime_sec": 0.046267999999999997,
            "ru_maxrss_kb": 120704,
            "ru_nvcsw": 57,
            "ru_majflt": 0,
            "ru_nivcsw": 11
        },
        "ru_childs_end": {
            "ru_minflt": 5342,
            "ru_utime_sec": 0.013388000000000001,
            "ru_stime_sec": 0.011540999999999999,
            "ru_maxrss_kb": 113796,
            "ru_nvcsw": 25,
            "ru_majflt": 0,
            "ru_nivcsw": 4
        },
        "peak_mem_kb": 377404
    }
}