{
    "Modules": {
        "...MASTER...": {
            "start_perf": [
                0.18289089202880859,
                0.023862000000000001,
                0.035793999999999999,
                295712,
                379968,
                1693829660.4587159,
                55856982630412
            ],
            "nRouts": 5,
            "child_modules": {
                "std": 1,
                "tb": 1,
                "_vcs_unit__2444631337": 1
            },
            "nQuads": 0,
            "end_perf": [
                0.18572187423706055,
                0.024348999999999999,
                0.036524000000000001,
                296576,
                379968,
                55856991714796,
                0,
                0
            ],
            "nMops": 0
        },
        "_vcs_unit__2444631337": {
            "start_perf": [
                0.18579506874084473,
                0.024379000000000001,
                0.036568999999999997,
                296576,
                379968,
                1693829660.4616201,
                55856991919308
            ],
            "Compiled": "Yes",
            "nRouts": 8,
            "child_modules": {},
            "nMops": 42,
            "Compiled Times": 6,
            "svclass": [
                "generator",
                0,
                42,
                3,
                2,
                4294967297
            ],
            "end_perf": [
                0.18676495552062988,
                0.024767000000000001,
                0.037151000000000003,
                296960,
                379968,
                55856995021676,
                4294967297,
                0
            ],
            "nQuads": 14
        },
        "std": {
            "start_perf": [
                0.18678689002990723,
                0.024775999999999999,
                0.037164000000000003,
                296960,
                379968,
                1693829660.4626119,
                55856995071948
            ],
            "Compiled": "Yes",
            "nRouts": 33,
            "child_modules": {},
            "nMops": 528,
            "Compiled Times": 6,
            "svclass": [
                "$vcs_nba_dyn_obj",
                0,
                35,
                2,
                2,
                0,
                "sigprop$$",
                0,
                35,
                2,
                2,
                0,
                "process",
                0,
                200,
                8,
                8,
                0,
                "event",
                0,
                34,
                2,
                2,
                0,
                "mailbox",
                0,
                140,
                9,
                9,
                0,
                "semaphore",
                0,
                84,
                5,
                5,
                0
            ],
            "end_perf": [
                0.18811893463134766,
                0.025309000000000002,
                0.037962999999999997,
                297116,
                379968,
                55856999346700,
                8589934594,
                0
            ],
            "nQuads": 218
        },
        "tb": {
            "start_perf": [
                0.18814301490783691,
                0.025318,
                0.037977999999999998,
                297116,
                379968,
                1693829660.463968,
                55856999401420
            ],
            "nRouts": 9,
            "Compiled": "Yes",
            "child_modules": {},
            "nMops": 324,
            "Compiled Times": 6,
            "nQuads": 87,
            "end_perf": [
                0.18897795677185059,
                0.025652000000000001,
                0.038477999999999998,
                297116,
                379968,
                55857002088684,
                12884901889,
                0
            ]
        }
    },
    "CompUnits": {},
    "stat": {
        "cpu_cycles_end": 55857011373868,
        "ru_self_end": {
            "ru_nivcsw": 10,
            "ru_stime_sec": 0.041397999999999997,
            "ru_utime_sec": 0.025652000000000001,
            "ru_maxrss_kb": 116260,
            "ru_minflt": 12130,
            "ru_majflt": 0,
            "ru_nvcsw": 60
        },
        "ru_childs_end": {
            "ru_nivcsw": 17,
            "ru_stime_sec": 0.015913,
            "ru_utime_sec": 0.0093950000000000006,
            "ru_maxrss_kb": 110520,
            "ru_minflt": 5342,
            "ru_majflt": 0,
            "ru_nvcsw": 25
        },
        "peak_mem_kb": 379968
    },
    "reusePaths": {
        "reYIK_d": {
            "icPath": "csrc"
        },
        "amcQw_d": {
            "icPath": "csrc"
        },
        "jNxLu_d": {
            "icPath": "csrc"
        },
        "g7hgQ_d": {
            "icPath": "csrc"
        }
    },
    "ObjArchives": [
        {
            "archive": "archive.5/_30634_archive_1.a",
            "objects": [
                [
                    "amcQwB.o",
                    115120
                ]
            ],
            "size": 115120
        }
    ]
}