{
    "SIMBData": {
        "out": "amcQwB.o",
        "text": 0,
        "bytes": 118770,
        "archive": "archive.0/_35590_archive_1.a"
    },
    "NameTable": {
        "vcs_paramclassrepository": [
            "vcs_paramclassrepository",
            "hEeZs",
            "module",
            1
        ],
        "std": [
            "std",
            "reYIK",
            "module",
            3
        ],
        "_vcs_unit__4011614891": [
            "_vcs_unit__4011614891",
            "FtJyq",
            "module",
            2
        ],
        "add_if": [
            "add_if",
            "r1PsL",
            "module",
            4
        ],
        "add": [
            "add",
            "GNaSz",
            "module",
            6
        ],
        "tb": [
            "tb",
            "g7hgQ",
            "module",
            5
        ],
        "...MASTER...": [
            "SIM",
            "amcQw",
            "module",
            7
        ]
    },
    "cycles_program_begin": 72430894853663,
    "cpu_cycles_pass2_start": 72431488283212,
    "LVLData": [
        "SIM"
    ],
    "perf": [
        {
            "sub": [
                {
                    "sub": [],
                    "stat": [
                        "doParsingAndDesignResolution",
                        "entry",
                        0.13361692428588867,
                        0.020756,
                        0.017285999999999999,
                        209644,
                        210444,
                        0.0,
                        0.0,
                        1694685468.271395,
                        72431287817951
                    ]
                },
                {
                    "sub": [],
                    "stat": [
                        "doParsingAndDesignResolution",
                        "exit",
                        0.14160585403442383,
                        0.023019999999999999,
                        0.023019999999999999,
                        312496,
                        377536,
                        0.0,
                        0.0,
                        1694685468.2793839,
                        72431313354911
                    ]
                },
                {
                    "sub": [
                        {
                            "sub": [],
                            "stat": [
                                "doUptoVir2VcsNoSepCleanup",
                                "entry",
                                0.14678597450256348,
                                0.026537000000000002,
                                0.027521,
                                294752,
                                377536,
                                0.0,
                                0.0,
                                1694685468.284564,
                                72431329851071
                            ]
                        },
                        {
                            "sub": [],
                            "stat": [
                                "doUptoVir2VcsNoSepCleanup",
                                "exit",
                                0.17225790023803711,
                                0.041632000000000002,
                                0.027521,
                                295868,
                                377536,
                                0.0061269999999999996,
                                0.002013,
                                1694685468.3100359,
                                72431411241951
                            ]
                        },
                        {
                            "sub": [],
                            "stat": [
                                "doRadify_vir2vcsAll",
                                "entry",
                                0.17230391502380371,
                                0.041680000000000002,
                                0.027521,
                                295868,
                                377536,
                                0.0061269999999999996,
                                0.002013,
                                1694685468.310082,
                                72431411328735
                            ]
                        },
                        {
                            "sub": [],
                            "stat": [
                                "doRadify_vir2vcsAll",
                                "exit",
                                0.17498683929443359,
                                0.044361999999999999,
                                0.027521,
                                297716,
                                377536,
                                0.0061269999999999996,
                                0.002013,
                                1694685468.3127649,
                                72431419953375
                            ]
                        }
                    ],
                    "stat": [
                        "doPostDesignResolutionToVir2Vcs",
                        "entry",
                        0.14383888244628906,
                        0.02359,
                        0.027521,
                        294368,
                        377536,
                        0.0,
                        0.0,
                        1694685468.2816169,
                        72431320448031
                    ]
                },
                {
                    "sub": [],
                    "stat": [
                        "doPostDesignResolutionToVir2Vcs",
                        "exit",
                        0.1750190258026123,
                        0.044394000000000003,
                        0.027521,
                        297716,
                        377536,
                        0.0061269999999999996,
                        0.002013,
                        1694685468.3127971,
                        72431419993983
                    ]
                },
                {
                    "sub": [
                        {
                            "sub": [],
                            "stat": [
                                "DoPass2",
                                "entry",
                                0.19636797904968262,
                                0.045609999999999998,
                                0.027521,
                                296160,
                                377536,
                                0.019390000000000001,
                                0.0078969999999999995,
                                1694685468.334146,
                                72431488270604
                            ]
                        },
                        {
                            "sub": [],
                            "stat": [
                                "DoPass2",
                                "exit",
                                0.22568893432617188,
                                0.062434999999999997,
                                0.039022000000000001,
                                305488,
                                377536,
                                0.019390000000000001,
                                0.0078969999999999995,
                                1694685468.363467,
                                72431581858111
                            ]
                        }
                    ],