{
    "Modules": {
        "tb": {
            "start_perf": [
                0.20533299446105957,
                0.053147,
                0.033202000000000002,
                310688,
                377776,
                1694686727.542383,
                76453335634031
            ],
            "child_modules": {
                "add": 1,
                "add_if": 1
            },
            "Compiled": "Yes",
            "Compiled Times": 2,
            "nQuads": 592,
            "significant_routs": [
                [
                    15,
                    "R_VCSgd_g7hgQ_f",
                    3123040,
                    2242,
                    337
                ]
            ],
            "end_perf": [
                0.21292805671691895,
                0.054621999999999997,
                0.039016000000000002,
                312632,
                377776,
                76453359931151,
                17179869185,
                0
            ],
            "nMops": 1912,
            "nRouts": 50
        },
        "...MASTER...": {
            "nRouts": 5,
            "start_perf": [
                0.19648408889770508,
                0.046561999999999999,
                0.033202000000000002,
                310688,
                377776,
                1694686727.533534,
                76453307380879
            ],
            "child_modules": {
                "vcs_paramclassrepository": 1,
                "std": 1,
                "_vcs_unit__4011614891": 1,
                "tb": 1
            },
            "nQuads": 0,
            "end_perf": [
                0.19935798645019531,
                0.048064999999999997,
                0.033202000000000002,
                310688,
                377776,
                76453316589327,
                0,
                0
            ],
            "nMops": 0
        },
        "vcs_paramclassrepository": {
            "start_perf": [
                0.19942712783813477,
                0.048134999999999997,
                0.033202000000000002,
                310688,
                377776,
                1694686727.5364771,
                76453316785615
            ],
            "child_modules": {},
            "Compiled": "Yes",
            "svclass": [
                "std_mailbox_28099441781665632240_61",
                0,
                136,
                9,
                9,
                0
            ],
            "Compiled Times": 2,
            "nQuads": 56,
            "end_perf": [
                0.20044398307800293,
                0.049152000000000001,
                0.033202000000000002,
                310688,
                377776,
                76453320039951,
                25769803777,
                0
            ],
            "nMops": 136,
            "nRouts": 14
        },
        "_vcs_unit__4011614891": {
            "start_perf": [
                0.20046615600585938,
                0.049174000000000002,
                0.033202000000000002,
                310688,
                377776,
                1694686727.5375161,
                76453320084431
            ],
            "child_modules": {},
            "Compiled": "Yes",
            "svclass": [
                "transaction",
                0,
                81,
                4,
                3,
                4294967300,
                "monitor",
                0,
                564,
                10,
                3,
                4294967310,
                "scoreboard",
                0,
                245,
                8,
                3,
                4294967333
            ],
            "Compiled Times": 2,
            "nQuads": 250,
            "end_perf": [
                0.20231103897094727,
                0.050935000000000001,
                0.033202000000000002,
                310688,
                377776,
                76453326007887,
                4294967297,
                0
            ],
            "nMops": 919,
            "nRouts": 31
        },
        "std": {
            "start_perf": [
                0.20233702659606934,
                0.050960999999999999,
                0.033202000000000002,
                310688,
                377776,
                1694686727.539387,
                76453326060495
            ],
            "child_modules": {},
            "Compiled": "Yes",
            "svclass": [
                "$vcs_nba_dyn_obj",
                0,
                35,
                2,
                2,
                0,
                "sigprop$$",
                0,
                35,
                2,
                2,
                0,
                "process",
                0,
                200,
                8,
                8,
                0,
                "event",
                0,
                34,
                2,
                2,
                0,
                "mailbox",
                0,
                140,
                9,
                9,
                0,
                "semaphore",
                0,
                84,
                5,
                5,
                0
            ],
            "Compiled Times": 2,
            "nQuads": 218,
            "end_perf": [
                0.20374512672424316,
                0.052337000000000002,
                0.033202000000000002,
                310688,
                377776,
                76453330911695,
                8589934594,
                0
            ],
            "nMops": 528,
            "nRouts": 33
        },
        "add_if": {
            "start_perf": [
                0.20404505729675293,
                0.052399000000000001,
                0.033202000000000002,
                310688,
                377776,
                1694686727.541095,
                76453332817743
            ],
            "child_modules": {},
            "Compiled": "Yes",
            "svclass": [
                "add_if_vcs_virt_intf_C",
                0,
                0,
                0,
                0,
                0
            ],
            "Compiled Times": 2,
            "nQuads": 18,
            "end_perf": [
                0.20530915260314941,
                0.053122000000000003,
                0.033202000000000002,
                310688,
                377776,
                76453335584143,
                12884901889,
                0
            ],
            "nMops": 57,
            "nRouts": 9
        },
        "add": {
            "nRouts": 19,
            "start_perf": [
                0.21295905113220215,
                0.054641000000000002,
                0.039029000000000001,
                312632,
                377776,
                1694686727.550009,
                76453359988207
            ],
            "Compiled": "Yes",
            "child_modules": {},
            "Compiled Times": 2,
            "nQuads": 59,
            "end_perf": [
                0.21394705772399902,
                0.055217000000000002,
                0.039440999999999997,
                312632,
                377776,
                76453363174671,
                21474836481,
                0
            ],
            "nMops": 141
        }
    },
    "CompUnits": {
        "g7hgQ_d": {
            "mod": "tb",
            "out": "g7hgQ_d.o",
            "checksum": 0,
            "bytes": 32056,
            "mode": 4,
            "text": 9261,
            "archive": "archive.1/_37358_archive_1.a"
        }
    },
    "reusePaths": {
        "GNaSz_d": {
            "icPath": "csrc"
        },
        "amcQw_d": {
            "icPath": "csrc"
        },
        "reYIK_d": {
            "icPath": "csrc"
        },
        "hEeZs_d": {
            "icPath": "csrc"
        },
        "FtJyq_d": {
            "icPath": "csrc"
        },
        "r1PsL_d": {
            "icPath": "csrc"
        }
    },