{
    "Modules": {
        "...MASTER...": {
            "start_perf": [
                0.57977604866027832,
                0.012564000000000001,
                0.17858299999999999,
                295652,
                377404,
                1693214139.4742451,
                36352040051115
            ],
            "child_modules": {
                "std": 1,
                "_vcs_unit__2444631337": 1,
                "tb": 1
            },
            "end_perf": [
                0.59538388252258301,
                0.012675000000000001,
                0.18168799999999999,
                296420,
                377404,
                36352089922827,
                0,
                0
            ],
            "nQuads": 0,
            "nRouts": 5,
            "nMops": 0
        },
        "tb": {
            "start_perf": [
                0.60559391975402832,
                0.012957,
                0.185726,
                297060,
                377404,
                1693214139.5000629,
                36352122478891
            ],
            "child_modules": {},
            "end_perf": [
                0.60920596122741699,
                0.012957,
                0.18761900000000001,
                297280,
                377404,
                36352134075147,
                12884901889,
                0
            ],
            "Compiled": "Yes",
            "Compiled Times": 15,
            "nQuads": 142,
            "nRouts": 15,
            "nMops": 406
        },
        "_vcs_unit__2444631337": {
            "start_perf": [
                0.59545707702636719,
                0.01268,
                0.181756,
                296420,
                377404,
                1693214139.4899261,
                36352090111531
            ],
            "svclass": [
                "generator",
                0,
                42,
                3,
                2,
                4294967297
            ],
            "child_modules": {},
            "Compiled": "Yes",
            "end_perf": [
                0.59900403022766113,
                0.012798,
                0.18345,
                296868,
                377404,
                36352101461227,
                4294967297,
                0
            ],
            "Compiled Times": 15,
            "nQuads": 14,
            "nRouts": 8,
            "nMops": 42
        },
        "std": {
            "start_perf": [
                0.5990300178527832,
                0.012800000000000001,
                0.183475,
                296868,
                377404,
                1693214139.493499,
                36352101513451
            ],
            "svclass": [
                "$vcs_nba_dyn_obj",
                0,
                35,
                2,
                2,
                0,
                "sigprop$$",
                0,
                35,
                2,
                2,
                0,
                "process",
                0,
                200,
                8,
                8,
                0,
                "event",
                0,
                34,
                2,
                2,
                0,
                "mailbox",
                0,
                140,
                9,
                9,
                0,
                "semaphore",
                0,
                84,
                5,
                5,
                0
            ],
            "child_modules": {},
            "Compiled": "Yes",
            "end_perf": [
                0.60556197166442871,
                0.012955,
                0.185696,
                297060,
                377404,
                36352122417131,
                8589934594,
                0
            ],
            "Compiled Times": 15,
            "nQuads": 218,
            "nRouts": 33,
            "nMops": 528
        }
    },
    "CompUnits": {},
    "reusePaths": {
        "amcQw_d": {
            "icPath": "csrc"
        },
        "reYIK_d": {
            "icPath": "csrc"
        },
        "jNxLu_d": {
            "icPath": "csrc"
        },
        "g7hgQ_d": {
            "icPath": "csrc"
        }
    },
    "ObjArchives": [
        {
            "archive": "archive.14/_150069_archive_1.a",
            "objects": [
                [
                    "amcQwB.o",
                    116254
                ]
            ],
            "size": 116254
        }
    ],
    "stat": {
        "peak_mem_kb": 377404,
        "ru_self_end": {
            "ru_utime_sec": 0.012957,
            "ru_stime_sec": 0.19139999999999999,
            "ru_maxrss_kb": 118228,
            "ru_minflt": 11516,
            "ru_majflt": 1421,
            "ru_nivcsw": 44,
            "ru_nvcsw": 1072
        },
        "ru_childs_end": {
            "ru_utime_sec": 0.02283,
            "ru_stime_sec": 0.012104999999999999,
            "ru_maxrss_kb": 113080,
            "ru_minflt": 5341,
            "ru_majflt": 0,
            "ru_nivcsw": 9,
            "ru_nvcsw": 26
        },
        "cpu_cycles_end": 36352151574827
    }
}