{
    "cpu_cycles_pass2_start": 15273523851561,
    "cycles_program_begin": 15272960068425,
    "CompileStrategy": "fullobj",
    "NameTable": {
        "std": [
            "std",
            "reYIK",
            "module",
            1
        ],
        "tb": [
            "tb",
            "g7hgQ",
            "module",
            2
        ],
        "...MASTER...": [
            "SIM",
            "amcQw",
            "module",
            3
        ]
    },
    "PEModules": [],
    "perf": [
        {
            "stat": [
                "main",
                "entry",
                0.010308980941772461,
                0.0098709999999999996,
                0.019743,
                200688,
                200688,
                0.0,
                0.0,
                1693983573.5510819,
                15272960274345
            ],
            "sub": [
                {
                    "stat": [
                        "doParsingAndDesignResolution",
                        "entry",
                        0.14172697067260742,
                        0.01511,
                        0.022665999999999999,
                        209640,
                        210440,
                        0.0,
                        0.0,
                        1693983573.6824999,
                        15273379987785
                    ],
                    "sub": []
                },
                {
                    "stat": [
                        "doParsingAndDesignResolution",
                        "exit",
                        0.14612197875976562,
                        0.015413,
                        0.027227999999999999,
                        312352,
                        377404,
                        0.0,
                        0.0,
                        1693983573.6868949,
                        15273394035081
                    ],
                    "sub": []
                },
                {
                    "stat": [
                        "doPostDesignResolutionToVir2Vcs",
                        "entry",
                        0.14875411987304688,
                        0.015413,
                        0.030218999999999999,
                        294304,
                        377404,
                        0.0,
                        0.0,
                        1693983573.689527,
                        15273402500169
                    ],
                    "sub": [
                        {
                            "stat": [
                                "doUptoVir2VcsNoSepCleanup",
                                "entry",
                                0.15001797676086426,
                                0.015413,
                                0.031482999999999997,
                                294496,
                                377404,
                                0.0,
                                0.0,
                                1693983573.6907909,
                                15273406428777
                            ],
                            "sub": []
                        },
                        {
                            "stat": [
                                "doUptoVir2VcsNoSepCleanup",
                                "exit",
                                0.16771697998046875,
                                0.015413,
                                0.038716,
                                295264,
                                377404,
                                0.0053880000000000004,
                                0.0035379999999999999,
                                1693983573.7084899,
                                15273463010121
                            ],
                            "sub": []
                        },
                        {
                            "stat": [
                                "doRadify_vir2vcsAll",
                                "entry",
                                0.16776704788208008,
                                0.015413,
                                0.038767000000000003,
                                295264,
                                377404,
                                0.0053880000000000004,
                                0.0035379999999999999,
                                1693983573.70854,
                                15273463099081
                            ],
                            "sub": []
                        },
                        {
                            "stat": [
                                "doRadify_vir2vcsAll",
                                "exit",
                                0.16994500160217285,
                                0.015413,
                                0.040945000000000002,
                                297024,
                                377404,
                                0.0053880000000000004,
                                0.0035379999999999999,
                                1693983573.7107179,
                                15273470092585
                            ],
                            "sub": []
                        }
                    ]
                },
                {
                    "stat": [
                        "doPostDesignResolutionToVir2Vcs",
                        "exit",
                        0.16996908187866211,
                        0.015413,
                        0.040969999999999999,
                        297024,
                        377404,
                        0.0053880000000000004,
                        0.0035379999999999999,
                        1693983573.710742,
                        15273470129097
                    ],
                    "sub": []
                },
                {
                    "stat": [
                        "doGAToPass2",
                        "entry",
                        0.16997909545898438,
                        0.015413,
                        0.040980000000000003,
                        297024,
                        377404,
                        0.0053880000000000004,
                        0.0035379999999999999,
                        1693983573.710752,
                        15273470156809
                    ],
                    "sub": [
                        {
                            "stat": [
                                "DoPass2",
                                "entry",
                                0.18676519393920898,
                                0.015413,
                                0.041959000000000003,
                                295468,
                                377404,
                                0.0098029999999999992,
                                0.014964,
                                1693983573.7275381,
                                15273523840201
                            ],
                            "sub": []
                        },
                        {
                            "stat": [
                                "DoPass2",
                                "exit",
                                0.19477319717407227,
                                0.018807999999999998,
                                0.045040999999999998,
                                304008,
                                377404,
                                0.0098029999999999992,
                                0.016507999999999998,
                                1693983573.7355461,
                                15273549387049
                            ],