{
    "CompUnits": {
        "g7hgQ_d": {
            "text": 1926,
            "mod": "tb",
            "archive": "archive.2/_9279_archive_1.a",
            "mode": 4,
            "out": "g7hgQ_d.o",
            "bytes": 13222,
            "checksum": 0
        }
    },
    "Modules": {
        "...MASTER...": {
            "start_perf": [
                0.18683910369873047,
                0.015413,
                0.042034000000000002,
                295468,
                377404,
                1693983573.727612,
                15273524013225
            ],
            "nQuads": 0,
            "end_perf": [
                0.1895899772644043,
                0.015413,
                0.043263999999999997,
                296892,
                377404,
                15273532839977,
                0,
                0
            ],
            "child_modules": {
                "std": 1,
                "tb": 1
            },
            "nMops": 0,
            "nRouts": 5
        },
        "std": {
            "start_perf": [
                0.18965506553649902,
                0.015413,
                0.043328999999999999,
                296892,
                377404,
                1693983573.730428,
                15273533011689
            ],
            "child_modules": {},
            "nQuads": 218,
            "end_perf": [
                0.19134211540222168,
                0.015413,
                0.045016,
                296892,
                377404,
                15273538414377,
                8589934594,
                0
            ],
            "Compiled Times": 3,
            "Compiled": "Yes",
            "svclass": [
                "$vcs_nba_dyn_obj",
                0,
                35,
                2,
                2,
                0,
                "sigprop$$",
                0,
                35,
                2,
                2,
                0,
                "process",
                0,
                200,
                8,
                8,
                0,
                "event",
                0,
                34,
                2,
                2,
                0,
                "mailbox",
                0,
                140,
                9,
                9,
                0,
                "semaphore",
                0,
                84,
                5,
                5,
                0
            ],
            "nMops": 528,
            "nRouts": 33
        },
        "tb": {
            "start_perf": [
                0.19136714935302734,
                0.015413,
                0.045040999999999998,
                296892,
                377404,
                1693983573.7321401,
                15273538472137
            ],
            "nQuads": 56,
            "end_perf": [
                0.19375109672546387,
                0.017784999999999999,
                0.045040999999999998,
                302344,
                377404,
                15273546122217,
                12884901889,
                0
            ],
            "child_modules": {},
            "Compiled Times": 3,
            "Compiled": "Yes",
            "nMops": 146,
            "nRouts": 16
        }
    },
    "reusePaths": {
        "amcQw_d": {
            "icPath": "csrc"
        },
        "reYIK_d": {
            "icPath": "csrc"
        }
    },
    "ObjArchives": [
        {
            "archive": "archive.2/_9279_archive_1.a",
            "size": 128006,
            "objects": [
                [
                    "g7hgQ_d.o",
                    13222
                ],
                [
                    "amcQwB.o",
                    114784
                ]
            ]
        }
    ],
    "stat": {
        "ru_self_end": {
            "ru_utime_sec": 0.018807999999999998,
            "ru_nvcsw": 54,
            "ru_majflt": 0,
            "ru_stime_sec": 0.047174000000000001,
            "ru_maxrss_kb": 116612,
            "ru_minflt": 12434,
            "ru_nivcsw": 18
        },
        "ru_childs_end": {
            "ru_utime_sec": 0.0098029999999999992,
            "ru_nvcsw": 25,
            "ru_majflt": 0,
            "ru_stime_sec": 0.016507999999999998,
            "ru_maxrss_kb": 109508,
            "ru_minflt": 5341,
            "ru_nivcsw": 3
        },
        "cpu_cycles_end": 15273556147497,
        "peak_mem_kb": 377404
    }
}