{
    "stat": {
        "ru_self_end": {
            "ru_utime_sec": 0.019872000000000001,
            "ru_nvcsw": 51,
            "ru_majflt": 1,
            "ru_maxrss_kb": 117548,
            "ru_stime_sec": 0.049681000000000003,
            "ru_minflt": 12629,
            "ru_nivcsw": 14
        },
        "cpu_cycles_end": 26656791570883,
        "ru_childs_end": {
            "ru_utime_sec": 0.013065999999999999,
            "ru_nvcsw": 25,
            "ru_majflt": 0,
            "ru_maxrss_kb": 109676,
            "ru_stime_sec": 0.010326,
            "ru_minflt": 5099,
            "ru_nivcsw": 10
        },
        "peak_mem_kb": 377404
    },
    "Modules": {
        "...MASTER...": {
            "nRouts": 5,
            "nQuads": 0,
            "start_perf": [
                0.18005919456481934,
                0.017992000000000001,
                0.037742999999999999,
                295360,
                377404,
                1693034669.6258321,
                26656747090915
            ],
            "child_modules": {
                "std": 1,
                "tb": 1,
                "_vcs_unit__2444631337": 1
            },
            "end_perf": [
                0.18147802352905273,
                0.017992000000000001,
                0.039161000000000001,
                299408,
                377404,
                26656751628643,
                0,
                0
            ],
            "nMops": 0
        },
        "_vcs_unit__2444631337": {
            "nRouts": 12,
            "start_perf": [
                0.18156218528747559,
                0.017992000000000001,
                0.039246999999999997,
                299408,
                377404,
                1693034669.6273351,
                26656751890659
            ],
            "nQuads": 84,
            "child_modules": {},
            "Compiled": "Yes",
            "end_perf": [
                0.1853182315826416,
                0.017992000000000001,
                0.043001999999999999,
                302520,
                377404,
                26656763906083,
                4294967297,
                0
            ],
            "Compiled Times": 1,
            "svclass": [
                "first",
                2087,
                174,
                5,
                5,
                4294967297,
                "second",
                1398,
                120,
                2,
                2,
                4294967312
            ],
            "nMops": 294
        },
        "std": {
            "nRouts": 33,
            "start_perf": [
                0.18534517288208008,
                0.017992000000000001,
                0.043028999999999998,
                302520,
                377404,
                1693034669.6311181,
                26656763961027
            ],
            "nQuads": 218,
            "child_modules": {},
            "Compiled": "Yes",
            "end_perf": [
                0.18986916542053223,
                0.018693000000000001,
                0.046733999999999998,
                302520,
                377404,
                26656778448867,
                8589934594,
                0
            ],
            "Compiled Times": 1,
            "svclass": [
                "$vcs_nba_dyn_obj",
                576,
                35,
                2,
                2,
                0,
                "sigprop$$",
                576,
                35,
                2,
                2,
                0,
                "process",
                2380,
                200,
                8,
                8,
                0,
                "event",
                597,
                34,
                2,
                2,
                0,
                "mailbox",
                1769,
                140,
                9,
                9,
                0,
                "semaphore",
                1119,
                84,
                5,
                5,
                0
            ],
            "nMops": 528
        },
        "tb": {
            "nRouts": 9,
            "nQuads": 46,
            "start_perf": [
                0.18990111351013184,
                0.018703000000000001,
                0.046757,
                302520,
                377404,
                1693034669.635674,
                26656778512867
            ],
            "child_modules": {},
            "end_perf": [
                0.19153213500976562,
                0.019168000000000001,
                0.047921999999999999,
                302520,
                377404,
                26656783750659,
                12884901889,
                0
            ],
            "Compiled": "Yes",
            "Compiled Times": 1,
            "nMops": 162
        }
    },
    "CompUnits": {
        "amcQw_d": {
            "mode": 4,
            "mod": "...MASTER...",
            "out": "objs/amcQw_d.o",
            "bytes": 8006,
            "text": 458,
            "checksum": 0
        },
        "g7hgQ_d": {
            "mode": 4,
            "mod": "tb",
            "archive": "archive.0/_14989_archive_1.a",
            "out": "g7hgQ_d.o",
            "bytes": 11988,
            "text": 1453,
            "checksum": 0
        },
        "reYIK_d": {
            "mode": 4,
            "mod": "std",
            "archive": "archive.0/_14989_archive_1.a",
            "out": "reYIK_d.o",
            "bytes": 43000,
            "cls": 7017,
            "text": 7325,
            "checksum": 0
        },
        "jNxLu_d": {
            "mode": 4,
            "mod": "_vcs_unit__2444631337",
            "archive": "archive.0/_14989_archive_1.a",
            "out": "jNxLu_d.o",
            "bytes": 21284,
            "cls": 3485,
            "text": 3709,
            "checksum": 0
        }
    },
    "reusePaths": {},
    "ObjArchives": [
        {
            "archive": "archive.0/_14989_archive_1.a",
            "size": 192386,
            "objects": [
                [
                    "jNxLu_d.o",
                    21284
                ],
                [
                    "reYIK_d.o",
                    43000
                ],
                [
                    "g7hgQ_d.o",
                    11988
                ],
                [
                    "amcQwB.o",
                    116114
                ]
            ]
        }
    ]
}