{
    "incremental": "on",
    "stat": {
        "cpu_cycles_total": 579641311,
        "ru_childs_cgstart": {
            "ru_minflt": 5099,
            "ru_utime_sec": 0.010482999999999999,
            "ru_stime_sec": 0.012836,
            "ru_maxrss_kb": 109828,
            "ru_nvcsw": 24,
            "ru_majflt": 0,
            "ru_nivcsw": 10
        },
        "peak_mem_kb": 377404,
        "cpu_cycles_end": 106955191427007,
        "ru_self_cgstart": {
            "ru_minflt": 11301,
            "ru_utime_sec": 0.024964,
            "ru_stime_sec": 0.032807000000000003,
            "ru_maxrss_kb": 109828,
            "ru_nvcsw": 49,
            "ru_majflt": 0,
            "ru_nivcsw": 48
        },
        "CodeGen(%)": 6.3710082146913658,
        "ru_self_end": {
            "ru_minflt": 12492,
            "ru_utime_sec": 0.025791000000000001,
            "ru_stime_sec": 0.040826000000000001,
            "ru_maxrss_kb": 117184,
            "ru_nvcsw": 51,
            "ru_majflt": 0,
            "ru_nivcsw": 57
        },
        "cpu_cycles_cgstart": 106955157674475,
        "nMops": 1012,
        "ru_childs_end": {
            "ru_minflt": 5342,
            "ru_utime_sec": 0.012068000000000001,
            "ru_stime_sec": 0.012836,
            "ru_maxrss_kb": 109828,
            "ru_nvcsw": 25,
            "ru_majflt": 0,
            "ru_nivcsw": 10
        },
        "nQuads": 364,
        "totalObjSize": 127074,
        "realTime": 0.19167113304138184,
        "outputSizePerQuad": 349.10439560439562,
        "Frontend(%)": 93.628991785308628
    },
    "CompileStrategy": "fullobj",
    "MlibObjs": {},
    "CurCompileUdps": {},
    "CompileProcesses": [
        "cgproc.45620.json"
    ],
    "cycles_program_begin": 106954611785696,
    "NameTable": {
        "_vcs_unit__2444631337": [
            "_vcs_unit__2444631337",
            "jNxLu",
            "module",
            1
        ],
        "tb": [
            "tb",
            "g7hgQ",
            "module",
            3
        ],
        "std": [
            "std",
            "reYIK",
            "module",
            2
        ],
        "...MASTER...": [
            "SIM",
            "amcQw",
            "module",
            4
        ]
    },
    "perf": [
        {
            "stat": [
                "main",
                "entry",
                0.010203123092651367,
                0.019658999999999999,
                0.0088330000000000006,
                200688,
                200688,
                0.0,
                0.0,
                1692789493.3554671,
                106954611970656
            ],
            "sub": [
                {
                    "stat": [
                        "doParsingAndDesignResolution",
                        "entry",
                        0.13716411590576172,
                        0.024455000000000001,
                        0.012227,
                        209640,
                        210440,
                        0.0,
                        0.0,
                        1692789493.4824281,
                        106955017455200
                    ],
                    "sub": []
                },
                {
                    "stat": [
                        "doParsingAndDesignResolution",
                        "exit",
                        0.14187502861022949,
                        0.024964,
                        0.016844999999999999,
                        312356,
                        377404,
                        0.0,
                        0.0,
                        1692789493.487139,
                        106955032500064
                    ],
                    "sub": []
                },
                {
                    "stat": [
                        "doPostDesignResolutionToVir2Vcs",
                        "entry",
                        0.14471793174743652,
                        0.024964,
                        0.020132000000000001,
                        294304,
                        377404,
                        0.0,
                        0.0,
                        1692789493.4899819,
                        106955041572128
                    ],
                    "sub": [
                        {
                            "stat": [
                                "doUptoVir2VcsNoSepCleanup",
                                "entry",
                                0.14614105224609375,
                                0.024964,
                                0.021545000000000002,
                                294528,
                                377404,
                                0.0,
                                0.0,
                                1692789493.491405,
                                106955046092800
                            ],
                            "sub": []
                        },
                        {
                            "stat": [
                                "doUptoVir2VcsNoSepCleanup",
                                "exit",
                                0.1625521183013916,
                                0.024964,
                                0.029163000000000001,
                                295296,
                                377404,
                                0.0064819999999999999,
                                0.0017669999999999999,
                                1692789493.5078161,
                                106955098607936
                            ],
                            "sub": []
                        },
                        {
                            "stat": [
                                "doRadify_vir2vcsAll",
                                "entry",
                                0.16261696815490723,
                                0.024964,
                                0.029228000000000001,
                                295296,
                                377404,
                                0.0064819999999999999,
                                0.0017669999999999999,
                                1692789493.5078809,
                                106955098701184
                            ],
                            "sub": []
                        },
                        {
                            "stat": [
                                "doRadify_vir2vcsAll",
                                "exit",
                                0.16499996185302734,
                                0.024964,
                                0.031600000000000003,
                                297044,
                                377404,
                                0.0064819999999999999,
                                0.0017669999999999999,
                                1692789493.5102639,
                                106955106341504
                            ],
                            "sub": []
                        }
                    ]
                },
                {
                    "stat": [
                        "doPostDesignResolutionToVir2Vcs",
                        "exit",
                        0.1650230884552002,
                        0.024964,
                        0.031625,
                        297044,
                        377404,
                        0.0064819999999999999,
                        0.0017669999999999999,
                        1692789493.510287,
                        106955106376192
                    ],