{
    "Modules": {
        "...MASTER...": {
            "child_modules": {
                "std": 1,
                "tb": 1,
                "_vcs_unit__2444631337": 1
            },
            "start_perf": [
                0.17920398712158203,
                0.016362999999999999,
                0.041597000000000002,
                295484,
                377404,
                1692790562.411922,
                110369090715517
            ],
            "end_perf": [
                0.18153500556945801,
                0.016362999999999999,
                0.042604000000000003,
                296300,
                377404,
                110369098190365,
                0,
                0
            ],
            "nRouts": 5,
            "nQuads": 0,
            "nMops": 0
        },
        "_vcs_unit__2444631337": {
            "start_perf": [
                0.18160009384155273,
                0.016362999999999999,
                0.042667999999999998,
                296300,
                377404,
                1692790562.4143181,
                110369098380317
            ],
            "child_modules": {},
            "Compiled": "Yes",
            "end_perf": [
                0.18439507484436035,
                0.016362999999999999,
                0.045463000000000003,
                302276,
                377404,
                110369107334589,
                4294967297,
                0
            ],
            "Compiled Times": 3,
            "svclass": [
                "first",
                1484,
                165,
                2,
                2,
                4294967297
            ],
            "nMops": 330,
            "nQuads": 100,
            "nRouts": 7
        },
        "std": {
            "start_perf": [
                0.18442797660827637,
                0.016362999999999999,
                0.045496000000000002,
                302276,
                377404,
                1692790562.417146,
                110369107406301
            ],
            "child_modules": {},
            "Compiled": "Yes",
            "end_perf": [
                0.18584489822387695,
                0.016362999999999999,
                0.046913000000000003,
                302276,
                377404,
                110369111948989,
                8589934594,
                0
            ],
            "Compiled Times": 3,
            "svclass": [
                "$vcs_nba_dyn_obj",
                0,
                35,
                2,
                2,
                0,
                "sigprop$$",
                0,
                35,
                2,
                2,
                0,
                "process",
                0,
                200,
                8,
                8,
                0,
                "event",
                0,
                34,
                2,
                2,
                0,
                "mailbox",
                0,
                140,
                9,
                9,
                0,
                "semaphore",
                0,
                84,
                5,
                5,
                0
            ],
            "nMops": 528,
            "nQuads": 218,
            "nRouts": 33
        },
        "tb": {
            "child_modules": {},
            "start_perf": [
                0.18587112426757812,
                0.016362999999999999,
                0.046940000000000003,
                302276,
                377404,
                1692790562.4185891,
                110369112005853
            ],
            "Compiled": "Yes",
            "end_perf": [
                0.18760204315185547,
                0.016362999999999999,
                0.048661999999999997,
                302276,
                377404,
                110369117572605,
                12884901889,
                0
            ],
            "Compiled Times": 3,
            "nRouts": 9,
            "nQuads": 96,
            "nMops": 319
        }
    },
    "CompUnits": {
        "jNxLu_d": {
            "mod": "_vcs_unit__2444631337",
            "mode": 4,
            "out": "jNxLu_d.o",
            "cls": 1484,
            "text": 1702,
            "bytes": 13794,
            "checksum": 0,
            "archive": "archive.2/_46933_archive_1.a"
        },
        "g7hgQ_d": {
            "mod": "tb",
            "mode": 4,
            "out": "g7hgQ_d.o",
            "text": 1353,
            "bytes": 11732,
            "checksum": 0,
            "archive": "archive.2/_46933_archive_1.a"
        }
    },
    "reusePaths": {
        "amcQw_d": {
            "icPath": "csrc"
        },
        "reYIK_d": {
            "icPath": "csrc"
        }
    },
    "ObjArchives": [
        {
            "archive": "archive.2/_46933_archive_1.a",
            "objects": [
                [
                    "jNxLu_d.o",
                    13794
                ],
                [
                    "g7hgQ_d.o",
                    11732
                ],
                [
                    "amcQwB.o",
                    115554
                ]
            ],
            "size": 141080
        }
    ],
    "stat": {
        "cpu_cycles_end": 110369127485245,
        "ru_self_end": {
            "ru_maxrss_kb": 117432,
            "ru_utime_sec": 0.016362999999999999,
            "ru_majflt": 0,
            "ru_stime_sec": 0.051782000000000002,
            "ru_nvcsw": 39,
            "ru_minflt": 12530,
            "ru_nivcsw": 35
        },
        "ru_childs_end": {
            "ru_maxrss_kb": 109832,
            "ru_utime_sec": 0.013986999999999999,
            "ru_majflt": 0,
            "ru_stime_sec": 0.010161999999999999,
            "ru_nvcsw": 25,
            "ru_minflt": 5342,
            "ru_nivcsw": 1
        },
        "peak_mem_kb": 377404
    }
}