{
    "Modules": {
        "tb": {
            "nRouts": 13,
            "nMops": 483,
            "Compiled Times": 2,
            "start_perf": [
                2.2447619438171387,
                0.024934999999999999,
                0.063156000000000004,
                302716,
                377404,
                1694331935.352819,
                48273372313642
            ],
            "child_modules": {},
            "nQuads": 115,
            "end_perf": [
                2.2485949993133545,
                0.024934999999999999,
                0.066989000000000007,
                302716,
                377404,
                48273384601002,
                12884901889,
                0
            ],
            "Compiled": "Yes"
        },
        "...MASTER...": {
            "nRouts": 5,
            "nMops": 0,
            "start_perf": [
                2.2290019989013672,
                0.024582,
                0.049163999999999999,
                295808,
                377404,
                1694331935.337059,
                48273321983370
            ],
            "child_modules": {
                "std": 1,
                "tb": 1,
                "_vcs_unit__2444631337": 1
            },
            "nQuads": 0,
            "end_perf": [
                2.2314770221710205,
                0.024934999999999999,
                0.049870999999999999,
                296608,
                377404,
                48273329911338,
                0,
                0
            ]
        },
        "_vcs_unit__2444631337": {
            "nMops": 512,
            "nRouts": 15,
            "start_perf": [
                2.2315449714660645,
                0.024934999999999999,
                0.049938999999999997,
                296608,
                377404,
                1694331935.339602,
                48273330108234
            ],
            "Compiled Times": 2,
            "child_modules": {},
            "Compiled": "Yes",
            "end_perf": [
                2.2417309284210205,
                0.024934999999999999,
                0.060123999999999997,
                302716,
                377404,
                48273362682954,
                4294967297,
                0
            ],
            "nQuads": 166,
            "svclass": [
                "generator",
                1578,
                130,
                5,
                3,
                4294967297,
                "driver",
                1673,
                126,
                5,
                3,
                4294967307
            ]
        },
        "std": {
            "nMops": 528,
            "nRouts": 33,
            "start_perf": [
                2.2417669296264648,
                0.024934999999999999,
                0.060160999999999999,
                302716,
                377404,
                1694331935.349824,
                48273362749194
            ],
            "Compiled Times": 2,
            "child_modules": {},
            "Compiled": "Yes",
            "end_perf": [
                2.2447259426116943,
                0.024934999999999999,
                0.063119999999999996,
                302716,
                377404,
                48273372250666,
                8589934594,
                0
            ],
            "nQuads": 218,
            "svclass": [
                "$vcs_nba_dyn_obj",
                0,
                35,
                2,
                2,
                0,
                "sigprop$$",
                0,
                35,
                2,
                2,
                0,
                "process",
                0,
                200,
                8,
                8,
                0,
                "event",
                0,
                34,
                2,
                2,
                0,
                "mailbox",
                0,
                140,
                9,
                9,
                0,
                "semaphore",
                0,
                84,
                5,
                5,
                0
            ]
        }
    },
    "CompUnits": {
        "jNxLu_d": {
            "mod": "_vcs_unit__2444631337",
            "mode": 4,
            "bytes": 24104,
            "out": "jNxLu_d.o",
            "text": 3503,
            "cls": 3251,
            "archive": "archive.1/_15970_archive_1.a",
            "checksum": 0
        },
        "g7hgQ_d": {
            "mod": "tb",
            "mode": 4,
            "bytes": 15688,
            "out": "g7hgQ_d.o",
            "text": 3481,
            "archive": "archive.1/_15970_archive_1.a",
            "checksum": 0
        }
    },
    "reusePaths": {
        "amcQw_d": {
            "icPath": "csrc"
        },
        "reYIK_d": {
            "icPath": "csrc"
        }
    },
    "ObjArchives": [
        {
            "archive": "archive.1/_15970_archive_1.a",
            "size": 155352,
            "objects": [
                [
                    "jNxLu_d.o",
                    24104
                ],
                [
                    "g7hgQ_d.o",
                    15688
                ],
                [
                    "amcQwB.o",
                    115560
                ]
            ]
        }
    ],
    "stat": {
        "peak_mem_kb": 377404,
        "ru_self_end": {
            "ru_majflt": 2,
            "ru_utime_sec": 0.025159999999999998,
            "ru_stime_sec": 0.071288000000000004,
            "ru_nvcsw": 62,
            "ru_maxrss_kb": 117904,
            "ru_minflt": 12705,
            "ru_nivcsw": 8
        },
        "ru_childs_end": {
            "ru_majflt": 0,
            "ru_utime_sec": 0.013859,
            "ru_stime_sec": 0.027172999999999999,
            "ru_nvcsw": 26,
            "ru_maxrss_kb": 110164,
            "ru_minflt": 5341,
            "ru_nivcsw": 1
        },
        "cpu_cycles_end": 48273400772799
    }
}