{
    "rlimit": {
        "data": -1,
        "stack": -1
    },
    "cpu_cycles_pass2_start": 43591031649646,
    "PrevCompiledModules": {},
    "MlibObjs": {},
    "cycles_program_begin": 43590417706286,
    "PEModules": [],
    "perf": [
        {
            "sub": [
                {
                    "sub": [],
                    "stat": [
                        "doParsingAndDesignResolution",
                        "entry",
                        0.13611793518066406,
                        0.016959999999999999,
                        0.0212,
                        209640,
                        210440,
                        0.0,
                        0.0,
                        1694676438.5787261,
                        43590819801134
                    ]
                },
                {
                    "sub": [],
                    "stat": [
                        "doParsingAndDesignResolution",
                        "exit",
                        0.14708781242370605,
                        0.022064,
                        0.026893,
                        312504,
                        377536,
                        0.0,
                        0.0,
                        1694676438.5896959,
                        43590854852622
                    ]
                },
                {
                    "sub": [
                        {
                            "sub": [],
                            "stat": [
                                "doUptoVir2VcsNoSepCleanup",
                                "entry",
                                0.1530148983001709,
                                0.029516000000000001,
                                0.026893,
                                294800,
                                377536,
                                0.0,
                                0.0,
                                1694676438.595623,
                                43590873752302
                            ]
                        },
                        {
                            "sub": [],
                            "stat": [
                                "doUptoVir2VcsNoSepCleanup",
                                "exit",
                                0.17943286895751953,
                                0.040735,
                                0.032587999999999999,
                                295904,
                                377536,
                                0.0058640000000000003,
                                0.0019759999999999999,
                                1694676438.622041,
                                43590958154254
                            ]
                        },
                        {
                            "sub": [],
                            "stat": [
                                "doRadify_vir2vcsAll",
                                "entry",
                                0.17951297760009766,
                                0.040779999999999997,
                                0.032624,
                                295904,
                                377536,
                                0.016643000000000002,
                                0.020497000000000001,
                                1694676438.6221211,
                                43590958363054
                            ]
                        },
                        {
                            "sub": [],
                            "stat": [
                                "doRadify_vir2vcsAll",
                                "exit",
                                0.18234086036682129,
                                0.0436,
                                0.032624,
                                297684,
                                377536,
                                0.016643000000000002,
                                0.020497000000000001,
                                1694676438.624949,
                                43590967421006
                            ]
                        }
                    ],
                    "stat": [
                        "doPostDesignResolutionToVir2Vcs",
                        "entry",
                        0.14941287040710449,
                        0.025921,
                        0.026893,
                        294384,
                        377536,
                        0.0,
                        0.0,
                        1694676438.592021,
                        43590862255086
                    ]
                },
                {
                    "sub": [],
                    "stat": [
                        "doPostDesignResolutionToVir2Vcs",
                        "exit",
                        0.18236494064331055,
                        0.043625999999999998,
                        0.032624,
                        297684,
                        377536,
                        0.016643000000000002,
                        0.020497000000000001,
                        1694676438.6249731,
                        43590967459598
                    ]
                },
                {
                    "sub": [
                        {
                            "sub": [],
                            "stat": [
                                "DoPass2",
                                "entry",
                                0.20243191719055176,
                                0.044805999999999999,
                                0.032624,
                                296128,
                                377536,
                                0.029496999999999999,
                                0.026749999999999999,
                                1694676438.64504,
                                43591031636590
                            ]
                        },
                        {
                            "sub": [],
                            "stat": [
                                "DoPass2",
                                "exit",
                                0.23168277740478516,
                                0.057417000000000003,
                                0.049214000000000001,
                                305092,
                                377536,
                                0.029496999999999999,
                                0.026749999999999999,
                                1694676438.6742909,
                                43591125007950
                            ]
                        }
                    ],
                    "stat": [
                        "doGAToPass2",
                        "entry",
                        0.18237686157226562,
                        0.043637000000000002,
                        0.032624,
                        297684,
                        377536,
                        0.016643000000000002,
                        0.020497000000000001,
                        1694676438.624985,
                        43590967487566
                    ]
                },
                {
                    "sub": [],
                    "stat": [
                        "doGAToPass2",
                        "exit",
                        0.23342776298522949,
                        0.058355999999999998,
                        0.050020000000000002,
                        305092,
                        377536,
                        0.029496999999999999,
                        0.026749999999999999,
                        1694676438.6760359,
                        43591130574734
                    ]
                }
            ],