{
    "stat": {
        "ru_self_end": {
            "ru_utime_sec": 0.057297000000000001,
            "ru_stime_sec": 0.038198000000000003,
            "ru_maxrss_kb": 124012,
            "ru_minflt": 13496,
            "ru_majflt": 0,
            "ru_nvcsw": 43,
            "ru_nivcsw": 30
        },
        "ru_childs_end": {
            "ru_utime_sec": 0.017262,
            "ru_stime_sec": 0.031792000000000001,
            "ru_maxrss_kb": 115140,
            "ru_minflt": 12899,
            "ru_majflt": 0,
            "ru_nvcsw": 46,
            "ru_nivcsw": 2
        },
        "cpu_cycles_end": 43781276045215,
        "peak_mem_kb": 377536
    },
    "Modules": {
        "...MASTER...": {
            "start_perf": [
                0.19383120536804199,
                0.038143000000000003,
                0.033211999999999998,
                310488,
                377536,
                1694676498.1835661,
                43781194591647
            ],
            "nMops": 0,
            "child_modules": {
                "tb": 1,
                "_vcs_unit__4011614891": 1,
                "vcs_paramclassrepository": 1,
                "std": 1
            },
            "nQuads": 0,
            "end_perf": [
                0.1963961124420166,
                0.038691000000000003,
                0.033855000000000003,
                310488,
                377536,
                43781202807551,
                0,
                0
            ],
            "nRouts": 5
        },
        "tb": {
            "start_perf": [
                0.2088170051574707,
                0.047794999999999997,
                0.037173999999999999,
                312432,
                377536,
                1694676498.1985519,
                43781242440255
            ],
            "nMops": 1061,
            "child_modules": {
                "add": 1,
                "add_if": 1
            },
            "Compiled": "Yes",
            "Compiled Times": 2,
            "nQuads": 302,
            "end_perf": [
                0.21486115455627441,
                0.053837000000000003,
                0.037173999999999999,
                312432,
                377536,
                43781261808863,
                17179869185,
                0
            ],
            "significant_routs": [
                [
                    7,
                    "R_VCSgd_g7hgQ_7",
                    3420256,
                    3153,
                    492
                ]
            ],
            "nRouts": 48
        },
        "_vcs_unit__4011614891": {
            "start_perf": [
                0.19753623008728027,
                0.039300000000000002,
                0.034387000000000001,
                310488,
                377536,
                1694676498.1872711,
                43781206410079
            ],
            "nMops": 1136,
            "child_modules": {},
            "Compiled": "Yes",
            "Compiled Times": 2,
            "nQuads": 320,
            "end_perf": [
                0.20688199996948242,
                0.046705000000000003,
                0.036325999999999997,
                312432,
                377536,
                43781236320511,
                4294967297,
                0
            ],
            "svclass": [
                "transaction",
                2574,
                262,
                5,
                4,
                4294967302,
                "error",
                813,
                46,
                3,
                2,
                4294967319,
                "generator",
                4387,
                384,
                10,
                3,
                4294967326,
                "driver",
                3785,
                415,
                10,
                3,
                4294967349
            ],
            "nRouts": 37
        },
        "vcs_paramclassrepository": {
            "start_perf": [
                0.19647121429443359,
                0.038732000000000003,
                0.033890000000000003,
                310488,
                377536,
                1694676498.1862061,
                43781203028671
            ],
            "nMops": 136,
            "child_modules": {},
            "Compiled": "Yes",
            "Compiled Times": 2,
            "nQuads": 56,
            "end_perf": [
                0.19751214981079102,
                0.039287000000000002,
                0.034375999999999997,
                310488,
                377536,
                43781206362751,
                25769803777,
                0
            ],
            "svclass": [
                "std_mailbox_28099441781665632240_61",
                0,
                136,
                9,
                9,
                0
            ],
            "nRouts": 14
        },
        "add": {
            "start_perf": [
                0.21489715576171875,
                0.053874999999999999,
                0.037173999999999999,
                312432,
                377536,
                1694676498.204632,
                43781261865087
            ],
            "nMops": 141,
            "child_modules": {},
            "Compiled": "Yes",
            "nQuads": 59,
            "end_perf": [
                0.21592020988464355,
                0.054897000000000001,
                0.037173999999999999,
                312432,
                377536,
                43781265156479,
                21474836481,
                0
            ],
            "Compiled Times": 2,
            "nRouts": 19
        },
        "std": {
            "start_perf": [
                0.20692110061645508,
                0.046727999999999999,
                0.036344000000000001,
                312432,
                377536,
                1694676498.196656,
                43781236386751
            ],
            "nMops": 528,
            "child_modules": {},
            "Compiled": "Yes",
            "Compiled Times": 2,
            "nQuads": 218,
            "end_perf": [
                0.20829319953918457,
                0.047499,
                0.036943999999999998,
                312432,
                377536,
                43781240794719,
                8589934594,
                0
            ],
            "svclass": [
                "$vcs_nba_dyn_obj",
                0,
                35,
                2,
                2,
                0,
                "sigprop$$",
                0,
                35,
                2,
                2,
                0,
                "process",
                0,
                200,
                8,
                8,
                0,
                "event",
                0,
                34,
                2,
                2,
                0,
                "mailbox",
                0,
                140,
                9,
                9,
                0,
                "semaphore",
                0,
                84,
                5,
                5,
                0
            ],
            "nRouts": 33
        },
        "add_if": {
            "start_perf": [
                0.20832014083862305,
                0.047515000000000002,
                0.036956000000000003,
                312432,
                377536,
                1694676498.198055,
                43781240854719
            ],
            "nMops": 57,
            "child_modules": {},
            "Compiled": "Yes",
            "Compiled Times": 2,
            "nQuads": 18,
            "end_perf": [
                0.20879507064819336,
                0.047781999999999998,
                0.037164000000000003,
                312432,
                377536,
                43781242394847,
                12884901889,
                0
            ],