{
    "Modules": {
        "...MASTER...": {
            "start_perf": [
                2.8661949634552002,
                0.0042300000000000003,
                0.49710199999999999,
                295476,
                377404,
                1692796681.3273759,
                1489537420094
            ],
            "child_modules": {
                "std": 1,
                "tb": 1,
                "_vcs_unit__2444631337": 1
            },
            "nQuads": 0,
            "end_perf": [
                2.8802649974822998,
                0.0042300000000000003,
                0.50064900000000001,
                296244,
                377404,
                1489582377918,
                0,
                0
            ],
            "nMops": 0,
            "nRouts": 5
        },
        "_vcs_unit__2444631337": {
            "start_perf": [
                2.880342960357666,
                0.0042300000000000003,
                0.50070899999999996,
                296244,
                377404,
                1692796681.3415239,
                1489582591326
            ],
            "child_modules": {},
            "svclass": [
                "first",
                1884,
                201,
                3,
                3,
                4294967297
            ],
            "Compiled": "Yes",
            "Compiled Times": 4,
            "end_perf": [
                2.8884391784667969,
                0.0042300000000000003,
                0.50482700000000003,
                302300,
                377404,
                1489608467806,
                4294967297,
                0
            ],
            "nQuads": 63,
            "nMops": 201,
            "nRouts": 8
        },
        "std": {
            "start_perf": [
                2.8884661197662354,
                0.0042300000000000003,
                0.50485500000000005,
                302300,
                377404,
                1692796681.349647,
                1489608521566
            ],
            "child_modules": {},
            "svclass": [
                "$vcs_nba_dyn_obj",
                576,
                35,
                2,
                2,
                0,
                "sigprop$$",
                576,
                35,
                2,
                2,
                0,
                "process",
                2380,
                200,
                8,
                8,
                0,
                "event",
                597,
                34,
                2,
                2,
                0,
                "mailbox",
                1769,
                140,
                9,
                9,
                0,
                "semaphore",
                1119,
                83,
                5,
                5,
                0
            ],
            "Compiled": "Yes",
            "Compiled Times": 4,
            "end_perf": [
                2.8946709632873535,
                0.0042300000000000003,
                0.50982799999999995,
                302300,
                377404,
                1489628380926,
                8589934594,
                0
            ],
            "nQuads": 436,
            "nMops": 1055,
            "nRouts": 33
        },
        "tb": {
            "start_perf": [
                2.8947041034698486,
                0.0042300000000000003,
                0.50986200000000004,
                302300,
                377404,
                1692796681.355885,
                1489628445822
            ],
            "child_modules": {},
            "nRouts": 9,
            "Compiled": "Yes",
            "Compiled Times": 4,
            "nQuads": 45,
            "end_perf": [
                2.896245002746582,
                0.0042300000000000003,
                0.51136499999999996,
                302300,
                377404,
                1489633393374,
                12884901889,
                0
            ],
            "nMops": 149
        }
    },
    "reusePaths": {
        "amcQw_d": {
            "icPath": "csrc"
        }
    },
    "CompUnits": {
        "jNxLu_d": {
            "mod": "_vcs_unit__2444631337",
            "out": "jNxLu_d.o",
            "bytes": 16148,
            "cls": 1884,
            "text": 2122,
            "checksum": 0,
            "mode": 4,
            "archive": "archive.3/_4200_archive_1.a"
        },
        "reYIK_d": {
            "mod": "std",
            "out": "reYIK_d.o",
            "bytes": 43000,
            "cls": 7017,
            "text": 7325,
            "checksum": 0,
            "mode": 4,
            "archive": "archive.3/_4200_archive_1.a"
        },
        "g7hgQ_d": {
            "mod": "tb",
            "out": "g7hgQ_d.o",
            "bytes": 10824,
            "text": 1313,
            "checksum": 0,
            "mode": 4,
            "archive": "archive.3/_4200_archive_1.a"
        }
    },
    "stat": {
        "ru_self_end": {
            "ru_maxrss_kb": 116860,
            "ru_utime_sec": 0.0042300000000000003,
            "ru_stime_sec": 0.51464100000000002,
            "ru_nvcsw": 1046,
            "ru_minflt": 11757,
            "ru_majflt": 1379,
            "ru_nivcsw": 35
        },
        "ru_childs_end": {
            "ru_maxrss_kb": 110832,
            "ru_utime_sec": 0.015049,
            "ru_stime_sec": 0.093467999999999996,
            "ru_nvcsw": 237,
            "ru_minflt": 5167,
            "ru_majflt": 264,
            "ru_nivcsw": 25
        },
        "cpu_cycles_end": 1489647075870,
        "peak_mem_kb": 377404
    },
    "ObjArchives": [
        {
            "archive": "archive.3/_4200_archive_1.a",
            "objects": [
                [
                    "jNxLu_d.o",
                    16148
                ],
                [
                    "reYIK_d.o",
                    43000
                ],
                [
                    "g7hgQ_d.o",
                    10824
                ],
                [
                    "amcQwB.o",
                    116374
                ]
            ],
            "size": 186346
        }
    ]
}