{
    "Modules": {
        "...MASTER...": {
            "nRouts": 5,
            "start_perf": [
                0.17772698402404785,
                0.020317000000000002,
                0.036165999999999997,
                295380,
                377396,
                1695106865.633323,
                29643763996668
            ],
            "end_perf": [
                0.18047499656677246,
                0.020317000000000002,
                0.037324000000000003,
                296800,
                377396,
                29643772795662,
                0,
                0
            ],
            "child_modules": {
                "std": 1,
                "tb": 1
            },
            "nMops": 0,
            "nQuads": 0
        },
        "std": {
            "start_perf": [
                0.18053507804870605,
                0.020317000000000002,
                0.037385000000000002,
                296800,
                377396,
                1695106865.636131,
                29643772968174
            ],
            "Compiled": "Yes",
            "end_perf": [
                0.1821601390838623,
                0.020317000000000002,
                0.039010000000000003,
                296800,
                377396,
                29643778168206,
                8589934594,
                0
            ],
            "child_modules": {},
            "Compiled Times": 4,
            "svclass": [
                "$vcs_nba_dyn_obj",
                0,
                35,
                2,
                2,
                0,
                "sigprop$$",
                0,
                35,
                2,
                2,
                0,
                "process",
                0,
                200,
                8,
                8,
                0,
                "event",
                0,
                34,
                2,
                2,
                0,
                "mailbox",
                0,
                140,
                9,
                9,
                0,
                "semaphore",
                0,
                84,
                5,
                5,
                0
            ],
            "nMops": 528,
            "nQuads": 218,
            "nRouts": 33
        },
        "tb": {
            "nRouts": 15,
            "start_perf": [
                0.18218398094177246,
                0.020317000000000002,
                0.039033999999999999,
                296800,
                377396,
                1695106865.63778,
                29643778224814
            ],
            "end_perf": [
                0.18453192710876465,
                0.020317000000000002,
                0.041382000000000002,
                302200,
                377396,
                29643785771630,
                12884901889,
                0
            ],
            "Compiled": "Yes",
            "child_modules": {},
            "Compiled Times": 4,
            "nMops": 107,
            "nQuads": 97
        }
    },
    "stat": {
        "ru_self_end": {
            "ru_maxrss_kb": 117064,
            "ru_utime_sec": 0.020317000000000002,
            "ru_majflt": 0,
            "ru_stime_sec": 0.044481,
            "ru_minflt": 12455,
            "ru_nvcsw": 36,
            "ru_nivcsw": 33
        },
        "ru_childs_end": {
            "ru_maxrss_kb": 109584,
            "ru_utime_sec": 0.01652,
            "ru_majflt": 0,
            "ru_stime_sec": 0.0083029999999999996,
            "ru_minflt": 5350,
            "ru_nvcsw": 26,
            "ru_nivcsw": 26
        },
        "cpu_cycles_end": 29643795606990,
        "peak_mem_kb": 377396
    },
    "CompUnits": {
        "g7hgQ_d": {
            "mode": 4,
            "text": 2022,
            "bytes": 13816,
            "mod": "tb",
            "out": "g7hgQ_d.o",
            "checksum": 0,
            "archive": "archive.3/_23131_archive_1.a"
        }
    },
    "reusePaths": {
        "amcQw_d": {
            "icPath": "csrc"
        },
        "reYIK_d": {
            "icPath": "csrc"
        }
    },
    "ObjArchives": [
        {
            "size": 129404,
            "archive": "archive.3/_23131_archive_1.a",
            "objects": [
                [
                    "g7hgQ_d.o",
                    13816
                ],
                [
                    "amcQwB.o",
                    115588
                ]
            ]
        }
    ]
}