{
    "Modules": {
        "...MASTER...": {
            "start_perf": [
                0.19179010391235352,
                0.043304000000000002,
                0.030956999999999998,
                296276,
                377536,
                1694677202.8759601,
                46031948459167
            ],
            "child_modules": {
                "vcs_paramclassrepository": 1,
                "std": 1,
                "_vcs_unit__4011614891": 1,
                "tb": 1
            },
            "end_perf": [
                0.19356703758239746,
                0.045080000000000002,
                0.030956999999999998,
                300708,
                377536,
                46031954142015,
                0,
                0
            ],
            "nRouts": 5,
            "nMops": 0,
            "nQuads": 0
        },
        "vcs_paramclassrepository": {
            "start_perf": [
                0.19362902641296387,
                0.045142000000000002,
                0.030956999999999998,
                300708,
                377536,
                1694677202.877799,
                46031954324063
            ],
            "svclass": [
                "std_mailbox_28099441781665632240_61",
                1746,
                136,
                9,
                9,
                0
            ],
            "child_modules": {},
            "Compiled Times": 1,
            "Compiled": "Yes",
            "end_perf": [
                0.1960909366607666,
                0.047604,
                0.030956999999999998,
                302604,
                377536,
                46031962207551,
                25769803777,
                0
            ],
            "nMops": 136,
            "nRouts": 14,
            "nQuads": 56
        },
        "_vcs_unit__4011614891": {
            "start_perf": [
                0.19611787796020508,
                0.047632000000000001,
                0.030956999999999998,
                302604,
                377536,
                1694677202.8802879,
                46031962263199
            ],
            "svclass": [
                "transaction",
                2574,
                262,
                5,
                4,
                4294967302,
                "error",
                2203,
                221,
                3,
                3,
                4294967319,
                "generator",
                4389,
                386,
                10,
                3,
                4294967333,
                "driver",
                3785,
                415,
                10,
                3,
                4294967356
            ],
            "child_modules": {},
            "Compiled Times": 1,
            "Compiled": "Yes",
            "significant_routs": [
                [
                    23,
                    "F_VCSgd_FtJyq_10_0",
                    3110624,
                    1390,
                    175
                ]
            ],
            "end_perf": [
                0.20590710639953613,
                0.057419999999999999,
                0.030956999999999998,
                304108,
                377536,
                46031993604415,
                4294967297,
                0
            ],
            "nRouts": 37,
            "nQuads": 365,
            "nMops": 1313
        },
        "std": {
            "start_perf": [
                0.20595097541809082,
                0.057465000000000002,
                0.030956999999999998,
                304108,
                377536,
                1694677202.890121,
                46031993670303
            ],
            "svclass": [
                "$vcs_nba_dyn_obj",
                576,
                35,
                2,
                2,
                0,
                "sigprop$$",
                576,
                35,
                2,
                2,
                0,
                "process",
                2380,
                200,
                8,
                8,
                0,
                "event",
                597,
                34,
                2,
                2,
                0,
                "mailbox",
                1769,
                140,
                9,
                9,
                0,
                "semaphore",
                1119,
                84,
                5,
                5,
                0
            ],
            "child_modules": {},
            "Compiled Times": 1,
            "Compiled": "Yes",
            "end_perf": [
                0.21033692359924316,
                0.061850000000000002,
                0.030956999999999998,
                304108,
                377536,
                46032007714111,
                8589934594,
                0
            ],
            "nMops": 528,
            "nRouts": 33,
            "nQuads": 218
        },
        "add": {
            "start_perf": [
                0.21686100959777832,
                0.064782000000000006,
                0.034549999999999997,
                304108,
                377536,
                1694677202.901031,
                46032028520799
            ],
            "child_modules": {},
            "Compiled Times": 1,
            "Compiled": "Yes",
            "end_perf": [
                0.21895599365234375,
                0.066147999999999998,
                0.035277999999999997,
                304108,
                377536,
                46032035251615,
                21474836481,
                0
            ],
            "nRouts": 19,
            "nMops": 141,
            "nQuads": 59
        },
        "add_if": {
            "start_perf": [
                0.21036696434020996,
                0.061880999999999999,
                0.030956999999999998,
                304108,
                377536,
                1694677202.894537,
                46032007776543
            ],
            "svclass": [
                "add_if_vcs_virt_intf_C",
                0,
                0,
                0,
                0,
                0
            ],
            "child_modules": {},
            "Compiled Times": 1,
            "Compiled": "Yes",
            "end_perf": [
                0.21138310432434082,
                0.061880999999999999,
                0.031973000000000001,
                304108,
                377536,
                46032011050207,
                12884901889,
                0
            ],
            "nMops": 57,
            "nRouts": 9,
            "nQuads": 18
        },
        "tb": {
            "start_perf": [
                0.2114100456237793,
                0.061880999999999999,
                0.032000000000000001,
                304108,
                377536,
                1694677202.8955801,
                46032011106463
            ],
            "child_modules": {
                "add_if": 1,
                "add": 1
            },
            "Compiled Times": 1,
            "Compiled": "Yes",
            "significant_routs": [
                [
                    7,
                    "R_VCSgd_g7hgQ_7",
                    2932864,
                    3153,
                    492
                ]
            ],
            "end_perf": [
                0.2168281078338623,
                0.064759999999999998,
                0.034537999999999999,
                304108,
                377536,
                46032028465407,
                17179869185,
                0
            ],
            "nMops": 1061,
            "nRouts": 48,
            "nQuads": 302
        }
    },
    "ObjArchives": [
        {
            "size": 285362,
            "archive": "archive.0/_26225_archive_1.a",