{
    "Modules": {
        "_vcs_unit__4011614891": {
            "start_perf": [
                0.339263916015625,
                0.046712999999999998,
                0.040031999999999998,
                302524,
                377532,
                1694689994.1501479,
                86886708787935
            ],
            "Compiled Times": 1,
            "svclass": [
                "transaction",
                1178,
                81,
                4,
                3,
                4294967300,
                "monitor",
                4788,
                599,
                11,
                3,
                4294967310,
                "scoreboard",
                3484,
                326,
                9,
                4,
                4294967334
            ],
            "nQuads": 283,
            "child_modules": {},
            "Compiled": "Yes",
            "end_perf": [
                0.3469080924987793,
                0.053350000000000002,
                0.041037999999999998,
                303096,
                377532,
                86886733248927,
                4294967297,
                0
            ],
            "nRouts": 33,
            "nMops": 1035
        },
        "...MASTER...": {
            "nQuads": 0,
            "start_perf": [
                0.33444905281066895,
                0.042915000000000002,
                0.039014,
                296160,
                377532,
                1694689994.1453331,
                86886693430687
            ],
            "child_modules": {
                "vcs_paramclassrepository": 1,
                "std": 1,
                "_vcs_unit__4011614891": 1,
                "tb": 1
            },
            "end_perf": [
                0.33649301528930664,
                0.043985999999999997,
                0.039987000000000002,
                300628,
                377532,
                86886699983775,
                0,
                0
            ],
            "nRouts": 5,
            "nMops": 0
        },
        "add": {
            "nQuads": 59,
            "Compiled Times": 1,
            "start_perf": [
                0.35854506492614746,
                0.061169000000000001,
                0.044857000000000001,
                304760,
                377532,
                1694689994.1694291,
                86886770374559
            ],
            "child_modules": {},
            "Compiled": "Yes",
            "end_perf": [
                0.36056804656982422,
                0.062336000000000003,
                0.045712999999999997,
                304760,
                377532,
                86886776864223,
                21474836481,
                0
            ],
            "nRouts": 19,
            "nMops": 141
        },
        "add_if": {
            "start_perf": [
                0.35127496719360352,
                0.057607999999999999,
                0.041147999999999997,
                303096,
                377532,
                1694689994.162159,
                86886747151711
            ],
            "Compiled Times": 1,
            "svclass": [
                "add_if_vcs_virt_intf_C",
                0,
                0,
                0,
                0,
                0
            ],
            "nQuads": 18,
            "child_modules": {},
            "Compiled": "Yes",
            "end_perf": [
                0.35227298736572266,
                0.058189999999999999,
                0.041563999999999997,
                303096,
                377532,
                86886750367999,
                12884901889,
                0
            ],
            "nRouts": 9,
            "nMops": 57
        },
        "vcs_paramclassrepository": {
            "start_perf": [
                0.33658695220947266,
                0.044034999999999998,
                0.040031999999999998,
                300628,
                377532,
                1694689994.147471,
                86886700252607
            ],
            "Compiled Times": 1,
            "svclass": [
                "std_mailbox_28099441781665632240_61",
                1746,
                136,
                9,
                9,
                0
            ],
            "nQuads": 56,
            "child_modules": {},
            "Compiled": "Yes",
            "end_perf": [
                0.33923697471618652,
                0.046684999999999997,
                0.040031999999999998,
                302524,
                377532,
                86886708732031,
                25769803777,
                0
            ],
            "nRouts": 14,
            "nMops": 136
        },
        "std": {
            "start_perf": [
                0.34694004058837891,
                0.053367999999999999,
                0.041052999999999999,
                303096,
                377532,
                1694689994.157824,
                86886733308831
            ],
            "Compiled Times": 1,
            "svclass": [
                "$vcs_nba_dyn_obj",
                576,
                35,
                2,
                2,
                0,
                "sigprop$$",
                576,
                35,
                2,
                2,
                0,
                "process",
                2380,
                200,
                8,
                8,
                0,
                "event",
                597,
                34,
                2,
                2,
                0,
                "mailbox",
                1769,
                140,
                9,
                9,
                0,
                "semaphore",
                1119,
                84,
                5,
                5,
                0
            ],
            "nQuads": 218,
            "child_modules": {},
            "Compiled": "Yes",
            "end_perf": [
                0.35124492645263672,
                0.057590000000000002,
                0.041135999999999999,
                303096,
                377532,
                86886747089695,
                8589934594,
                0
            ],
            "nRouts": 33,
            "nMops": 528
        },
        "tb": {
            "nQuads": 325,
            "Compiled Times": 1,
            "start_perf": [
                0.35229802131652832,
                0.058205,
                0.041575000000000001,
                303096,
                377532,
                1694689994.163182,
                86886750422975
            ],
            "child_modules": {
                "add_if": 1,
                "add": 1
            },
            "Compiled": "Yes",
            "end_perf": [
                0.35851693153381348,
                0.061152999999999999,
                0.044845000000000003,
                304760,
                377532,
                86886770324447,
                17179869185,
                0
            ],
            "nRouts": 52,
            "nMops": 1028
        }
    },
    "CompUnits": {
        "GNaSz_d": {
            "checksum": 0,
            "mode": 4,
            "mod": "add",
            "bytes": 9196,
            "out": "GNaSz_d.o",
            "text": 1343,
            "archive": "archive.0/_43762_archive_1.a"
        },
        "hEeZs_d": {
            "checksum": 0,
            "mode": 4,
            "mod": "vcs_paramclassrepository",
            "bytes": 14722,
            "out": "hEeZs_d.o",
            "text": 1969,
            "cls": 1746,
            "archive": "archive.0/_43762_archive_1.a"
        },
        "amcQw_d": {
            "checksum": 0,
            "mode": 4,
            "mod": "...MASTER...",
            "bytes": 8156,
            "out": "objs/amcQw_d.o",
            "text": 482
        },
        "FtJyq_d": {
            "checksum": 0,
            "mode": 4,
            "mod": "_vcs_unit__4011614891",