{
    "cycles_program_begin": 45492465840383,
    "cpu_cycles_pass2_start": 45493070538537,
    "perf": [
        {
            "stat": [
                "main",
                "entry",
                0.010169029235839844,
                0.018100999999999999,
                0.010710000000000001,
                200688,
                200688,
                0.0,
                0.0,
                1693730183.6680369,
                45492466021471
            ],
            "sub": [
                {
                    "stat": [
                        "doParsingAndDesignResolution",
                        "entry",
                        0.15112614631652832,
                        0.018100999999999999,
                        0.018686000000000001,
                        209640,
                        210440,
                        0.0,
                        0.0,
                        1693730183.8089941,
                        45492916208351
                    ],
                    "sub": []
                },
                {
                    "stat": [
                        "doParsingAndDesignResolution",
                        "exit",
                        0.15595197677612305,
                        0.018100999999999999,
                        0.024021000000000001,
                        312372,
                        377404,
                        0.0,
                        0.0,
                        1693730183.8138199,
                        45492931618591
                    ],
                    "sub": []
                },
                {
                    "stat": [
                        "doPostDesignResolutionToVir2Vcs",
                        "entry",
                        0.15857911109924316,
                        0.018100999999999999,
                        0.027130000000000001,
                        294304,
                        377404,
                        0.0,
                        0.0,
                        1693730183.816447,
                        45492940018559
                    ],
                    "sub": [
                        {
                            "stat": [
                                "doUptoVir2VcsNoSepCleanup",
                                "entry",
                                0.16020607948303223,
                                0.018100999999999999,
                                0.028757000000000001,
                                294496,
                                377404,
                                0.0,
                                0.0,
                                1693730183.818074,
                                45492945183807
                            ],
                            "sub": []
                        },
                        {
                            "stat": [
                                "doUptoVir2VcsNoSepCleanup",
                                "exit",
                                0.17917108535766602,
                                0.018100999999999999,
                                0.038309000000000003,
                                307892,
                                377404,
                                0.0047990000000000003,
                                0.00315,
                                1693730183.837039,
                                45493005793437
                            ],
                            "sub": []
                        },
                        {
                            "stat": [
                                "doRadify_vir2vcsAll",
                                "entry",
                                0.1792140007019043,
                                0.018100999999999999,
                                0.038352999999999998,
                                307892,
                                377404,
                                0.0047990000000000003,
                                0.00315,
                                1693730183.8370819,
                                45493005872509
                            ],
                            "sub": []
                        },
                        {
                            "stat": [
                                "doRadify_vir2vcsAll",
                                "exit",
                                0.18162417411804199,
                                0.018100999999999999,
                                0.040751000000000002,
                                307892,
                                377404,
                                0.0047990000000000003,
                                0.00315,
                                1693730183.8394921,
                                45493013600029
                            ],
                            "sub": []
                        }
                    ]
                },
                {
                    "stat": [
                        "doPostDesignResolutionToVir2Vcs",
                        "exit",
                        0.18164706230163574,
                        0.018100999999999999,
                        0.040774999999999999,
                        307892,
                        377404,
                        0.0047990000000000003,
                        0.00315,
                        1693730183.839515,
                        45493013635005
                    ],
                    "sub": []
                },
                {
                    "stat": [
                        "doGAToPass2",
                        "entry",
                        0.18165707588195801,
                        0.018100999999999999,
                        0.040785000000000002,
                        307892,
                        377404,
                        0.0047990000000000003,
                        0.00315,
                        1693730183.839525,
                        45493013661117
                    ],
                    "sub": [
                        {
                            "stat": [
                                "DoPass2",
                                "entry",
                                0.19943404197692871,
                                0.018100999999999999,
                                0.041867000000000001,
                                295676,
                                377404,
                                0.012081,
                                0.011273999999999999,
                                1693730183.857302,
                                45493070526537
                            ],
                            "sub": []
                        },
                        {
                            "stat": [
                                "DoPass2",
                                "exit",
                                0.20770406723022461,
                                0.020846,
                                0.04598,
                                304008,
                                377404,
                                0.013455999999999999,
                                0.011273999999999999,
                                1693730183.865572,
                                45493096885513
                            ],
                            "sub": []
                        }
                    ]
                },
                {
                    "stat": [
                        "doGAToPass2",
                        "exit",
                        0.20973706245422363,
                        0.021187000000000001,
                        0.047671999999999999,
                        304008,
                        377404,
                        0.013455999999999999,
                        0.011273999999999999,
                        1693730183.867605,
                        45493103382313
                    ],