{
    "reusePaths": {
        "g7hgQ_d": {
            "icPath": "csrc"
        },
        "amcQw_d": {
            "icPath": "csrc"
        },
        "reYIK_d": {
            "icPath": "csrc"
        }
    },
    "Modules": {
        "...MASTER...": {
            "start_perf": [
                0.19951415061950684,
                0.018100999999999999,
                0.041946999999999998,
                295676,
                377404,
                1693730183.8573821,
                45493070717353
            ],
            "child_modules": {
                "std": 1,
                "tb": 1,
                "_vcs_unit__2444631337": 1
            },
            "nRouts": 5,
            "nQuads": 0,
            "end_perf": [
                0.20182108879089355,
                0.018100999999999999,
                0.042901000000000002,
                296444,
                377404,
                45493078095177,
                0,
                0
            ],
            "nMops": 0
        },
        "_vcs_unit__2444631337": {
            "start_perf": [
                0.20188808441162109,
                0.018100999999999999,
                0.042949000000000001,
                296444,
                377404,
                1693730183.859756,
                45493078295209
            ],
            "Compiled Times": 3,
            "Compiled": "Yes",
            "child_modules": {},
            "nQuads": 14,
            "nRouts": 8,
            "end_perf": [
                0.2039341926574707,
                0.018100999999999999,
                0.044995,
                302344,
                377404,
                45493084847113,
                4294967297,
                0
            ],
            "svclass": [
                "generator",
                749,
                42,
                3,
                2,
                4294967297
            ],
            "nMops": 42
        },
        "std": {
            "start_perf": [
                0.20395898818969727,
                0.018100999999999999,
                0.045019999999999998,
                302344,
                377404,
                1693730183.8618269,
                45493084899881
            ],
            "Compiled Times": 3,
            "Compiled": "Yes",
            "child_modules": {},
            "nQuads": 218,
            "nRouts": 33,
            "end_perf": [
                0.20537519454956055,
                0.019517,
                0.045019999999999998,
                302344,
                377404,
                45493089447145,
                8589934594,
                0
            ],
            "svclass": [
                "$vcs_nba_dyn_obj",
                0,
                35,
                2,
                2,
                0,
                "sigprop$$",
                0,
                35,
                2,
                2,
                0,
                "process",
                0,
                200,
                8,
                8,
                0,
                "event",
                0,
                34,
                2,
                2,
                0,
                "mailbox",
                0,
                140,
                9,
                9,
                0,
                "semaphore",
                0,
                84,
                5,
                5,
                0
            ],
            "nMops": 528
        },
        "tb": {
            "Compiled Times": 3,
            "Compiled": "Yes",
            "start_perf": [
                0.20539999008178711,
                0.019543000000000001,
                0.045019999999999998,
                302344,
                377404,
                1693730183.8632679,
                45493089502377
            ],
            "child_modules": {},
            "nRouts": 21,
            "nQuads": 170,
            "end_perf": [
                0.20670413970947266,
                0.020846,
                0.045019999999999998,
                302344,
                377404,
                45493093691305,
                12884901889,
                0
            ],
            "nMops": 427
        }
    },
    "CompUnits": {
        "jNxLu_d": {
            "mod": "_vcs_unit__2444631337",
            "text": 978,
            "out": "jNxLu_d.o",
            "bytes": 13498,
            "checksum": 0,
            "cls": 749,
            "mode": 4,
            "archive": "archive.2/_15832_archive_1.a"
        }
    },
    "ObjArchives": [
        {
            "archive": "archive.2/_15832_archive_1.a",
            "objects": [
                [
                    "jNxLu_d.o",
                    13498
                ],
                [
                    "amcQwB.o",
                    116502
                ]
            ],
            "size": 130000
        }
    ],
    "stat": {
        "cpu_cycles_end": 45493103554601,
        "ru_self_end": {
            "ru_majflt": 0,
            "ru_utime_sec": 0.021208000000000001,
            "ru_stime_sec": 0.047718999999999998,
            "ru_maxrss_kb": 120676,
            "ru_minflt": 12726,
            "ru_nvcsw": 59,
            "ru_nivcsw": 42
        },
        "peak_mem_kb": 377404,
        "ru_childs_end": {
            "ru_majflt": 0,
            "ru_utime_sec": 0.013455999999999999,
            "ru_stime_sec": 0.011273999999999999,
            "ru_maxrss_kb": 113744,
            "ru_minflt": 5342,
            "ru_nvcsw": 26,
            "ru_nivcsw": 7
        }
    }
}