{
    "reusePaths": {},
    "Modules": {
        "...MASTER...": {
            "start_perf": [
                0.18570399284362793,
                0.030079999999999999,
                0.032253999999999998,
                297600,
                379360,
                1694506162.5428541,
                42177123578271
            ],
            "child_modules": {
                "std": 1,
                "_vcs_unit__4011614891": 1,
                "tb": 1
            },
            "end_perf": [
                0.18756103515625,
                0.031935999999999999,
                0.032253999999999998,
                302132,
                379360,
                42177129521983,
                0,
                0
            ],
            "nQuads": 0,
            "nRouts": 5,
            "nMops": 0
        },
        "_vcs_unit__4011614891": {
            "start_perf": [
                0.18762302398681641,
                0.031997999999999999,
                0.032253999999999998,
                302132,
                379360,
                1694506162.5447731,
                42177129707391
            ],
            "svclass": [
                "driver",
                2369,
                248,
                8,
                3,
                4294967301
            ],
            "child_modules": {},
            "Compiled": "Yes",
            "Compiled Times": 1,
            "nQuads": 91,
            "end_perf": [
                0.19133687019348145,
                0.035712000000000001,
                0.032253999999999998,
                304540,
                379360,
                42177141592639,
                4294967297,
                0
            ],
            "nRouts": 17,
            "nMops": 277
        },
        "add_if": {
            "start_perf": [
                0.19572901725769043,
                0.038962999999999998,
                0.033397000000000003,
                304540,
                379360,
                1694506162.5528791,
                42177155585503
            ],
            "svclass": [
                "add_if_vcs_virt_intf_C",
                0,
                0,
                0,
                0,
                0
            ],
            "child_modules": {},
            "Compiled": "Yes",
            "Compiled Times": 1,
            "nQuads": 18,
            "end_perf": [
                0.19672799110412598,
                0.039961000000000003,
                0.033397000000000003,
                304540,
                379360,
                42177158806143,
                12884901889,
                0
            ],
            "nRouts": 9,
            "nMops": 57
        },
        "std": {
            "start_perf": [
                0.19136381149291992,
                0.035740000000000001,
                0.032253999999999998,
                304540,
                379360,
                1694506162.5485139,
                42177141644511
            ],
            "svclass": [
                "$vcs_nba_dyn_obj",
                576,
                35,
                2,
                2,
                0,
                "sigprop$$",
                576,
                35,
                2,
                2,
                0,
                "process",
                2380,
                200,
                8,
                8,
                0,
                "event",
                597,
                34,
                2,
                2,
                0,
                "mailbox",
                1769,
                140,
                9,
                9,
                0,
                "semaphore",
                1119,
                84,
                5,
                5,
                0
            ],
            "child_modules": {},
            "Compiled": "Yes",
            "Compiled Times": 1,
            "nQuads": 218,
            "end_perf": [
                0.19570088386535645,
                0.038948000000000003,
                0.033383999999999997,
                304540,
                379360,
                42177155527071,
                8589934594,
                0
            ],
            "nRouts": 33,
            "nMops": 528
        },
        "tb": {
            "start_perf": [
                0.19675302505493164,
                0.039987000000000002,
                0.033397000000000003,
                304540,
                379360,
                1694506162.5539031,
                42177158859679
            ],
            "Compiled": "Yes",
            "child_modules": {
                "add": 1,
                "add_if": 1
            },
            "nQuads": 144,
            "Compiled Times": 1,
            "end_perf": [
                0.20018482208251953,
                0.043416999999999997,
                0.033397000000000003,
                304860,
                379360,
                42177169891967,
                17179869185,
                0
            ],
            "nRouts": 28,
            "nMops": 488
        },
        "add": {
            "start_perf": [
                0.20022797584533691,
                0.043462000000000001,
                0.033397000000000003,
                304860,
                379360,
                1694506162.5573781,
                42177169955231
            ],
            "Compiled": "Yes",
            "child_modules": {},
            "nQuads": 59,
            "Compiled Times": 1,
            "end_perf": [
                0.20266485214233398,
                0.044603999999999998,
                0.034692000000000001,
                306204,
                379360,
                42177177778367,
                21474836481,
                0
            ],
            "nRouts": 19,
            "nMops": 141
        }
    },
    "CompUnits": {
        "amcQw_d": {
            "mod": "...MASTER...",
            "mode": 4,
            "out": "objs/amcQw_d.o",
            "checksum": 0,
            "bytes": 8006,
            "text": 458
        },
        "FtJyq_d": {
            "mod": "_vcs_unit__4011614891",
            "archive": "archive.0/_23930_archive_1.a",
            "mode": 4,
            "cls": 2369,
            "out": "FtJyq_d.o",
            "checksum": 0,
            "bytes": 19742,
            "text": 3008
        },
        "reYIK_d": {
            "mod": "std",
            "archive": "archive.0/_23930_archive_1.a",
            "mode": 4,
            "cls": 7017,
            "out": "reYIK_d.o",
            "checksum": 0,
            "bytes": 43042,
            "text": 7325
        },
        "r1PsL_d": {
            "mod": "add_if",
            "archive": "archive.0/_23930_archive_1.a",
            "mode": 4,
            "out": "r1PsL_d.o",
            "checksum": 0,
            "bytes": 11480,
            "text": 585
        },
        "g7hgQ_d": {
            "mod": "tb",
            "archive": "archive.0/_23930_archive_1.a",
            "mode": 4,
            "out": "g7hgQ_d.o",
            "checksum": 0,
            "bytes": 18554,
            "text": 4343
        },
        "GNaSz_d": {
            "mod": "add",
            "archive": "archive.0/_23930_archive_1.a",
            "mode": 4,
            "out": "GNaSz_d.o",
            "checksum": 0,
            "bytes": 9196,
            "text": 1343
        }
    },
    "stat": {
        "ru_self_end": {
            "ru_minflt": 13644,
            "ru_utime_sec": 0.046203000000000001,
            "ru_nivcsw": 11,
            "ru_stime_sec": 0.035936000000000003,
            "ru_majflt": 6,
            "ru_maxrss_kb": 122192,
            "ru_nvcsw": 51
        },
        "ru_childs_end": {
            "ru_minflt": 5097,
            "ru_utime_sec": 0.01925,
            "ru_nivcsw": 9,
            "ru_stime_sec": 0.00462,
            "ru_majflt": 0,
            "ru_maxrss_kb": 112008,
            "ru_nvcsw": 24
        },
        "peak_mem_kb": 379360,