{
    "CurCompileModules": [
        "...MASTER...",
        "std",
        "tb",
        "tb"
    ],
    "cycles_program_begin": 55298417690640,
    "CurCompileUdps": {},
    "stat": {
        "ru_self_cgstart": {
            "ru_nvcsw": 52,
            "ru_majflt": 0,
            "ru_utime_sec": 0.011818,
            "ru_maxrss_kb": 109712,
            "ru_stime_sec": 0.044510000000000001,
            "ru_nivcsw": 29,
            "ru_minflt": 11281
        },
        "Frontend(%)": 90.922176374628151,
        "ru_childs_cgstart": {
            "ru_nvcsw": 25,
            "ru_majflt": 0,
            "ru_utime_sec": 0.016607,
            "ru_maxrss_kb": 109712,
            "ru_stime_sec": 0.0061390000000000004,
            "ru_nivcsw": 19,
            "ru_minflt": 5098
        },
        "ru_self_end": {
            "ru_nvcsw": 54,
            "ru_majflt": 0,
            "ru_utime_sec": 0.014656000000000001,
            "ru_maxrss_kb": 118156,
            "ru_stime_sec": 0.051054000000000002,
            "ru_nivcsw": 29,
            "ru_minflt": 12650
        },
        "peak_mem_kb": 377404,
        "totalObjSize": 128402,
        "cpu_cycles_cgstart": 55298955684030,
        "CodeGen(%)": 9.0778236253718472,
        "nMops": 1169,
        "outputSizePerQuad": 300.00467289719626,
        "nQuads": 428,
        "ru_childs_end": {
            "ru_nvcsw": 26,
            "ru_majflt": 0,
            "ru_utime_sec": 0.016607,
            "ru_maxrss_kb": 109712,
            "ru_stime_sec": 0.0075370000000000003,
            "ru_nivcsw": 19,
            "ru_minflt": 5341
        },
        "cpu_cycles_total": 572392942,
        "cpu_cycles_end": 55298990083582,
        "realTime": 0.18934488296508789
    },
    "perf": [
        {
            "sub": [
                {
                    "sub": [],
                    "stat": [
                        "doParsingAndDesignResolution",
                        "entry",
                        0.13606786727905273,
                        0.011818,
                        0.024381,
                        209640,
                        210440,
                        0.0,
                        0.0,
                        1692773320.3844719,
                        55298820035422
                    ]
                },
                {
                    "sub": [],
                    "stat": [
                        "doParsingAndDesignResolution",
                        "exit",
                        0.14064788818359375,
                        0.011818,
                        0.028975999999999998,
                        312356,
                        377404,
                        0.0,
                        0.0,
                        1692773320.3890519,
                        55298834667070
                    ]
                },
                {
                    "sub": [
                        {
                            "sub": [],
                            "stat": [
                                "doUptoVir2VcsNoSepCleanup",
                                "entry",
                                0.14488792419433594,
                                0.011818,
                                0.034028000000000003,
                                294500,
                                377404,
                                0.0,
                                0.0,
                                1692773320.393292,
                                55298848179358
                            ]
                        },
                        {
                            "sub": [],
                            "stat": [
                                "doUptoVir2VcsNoSepCleanup",
                                "exit",
                                0.16061496734619141,
                                0.011818,
                                0.041091999999999997,
                                295268,
                                377404,
                                0.0060549999999999996,
                                0.00199,
                                1692773320.409019,
                                55298898453854
                            ]
                        },
                        {
                            "sub": [],
                            "stat": [
                                "doRadify_vir2vcsAll",
                                "entry",
                                0.16066098213195801,
                                0.011818,
                                0.041139000000000002,
                                295268,
                                377404,
                                0.0060549999999999996,
                                0.00199,
                                1692773320.409065,
                                55298898533630
                            ]
                        },
                        {
                            "sub": [],
                            "stat": [
                                "doRadify_vir2vcsAll",
                                "exit",
                                0.16290402412414551,
                                0.011818,
                                0.043381000000000003,
                                297032,
                                377404,
                                0.0060549999999999996,
                                0.00199,
                                1692773320.4113081,
                                55298905734942
                            ]
                        }
                    ],
                    "stat": [
                        "doPostDesignResolutionToVir2Vcs",
                        "entry",
                        0.1434788703918457,
                        0.011818,
                        0.032619000000000002,
                        294308,
                        377404,
                        0.0,
                        0.0,
                        1692773320.3918829,
                        55298843784414
                    ]
                },
                {
                    "sub": [],
                    "stat": [
                        "doPostDesignResolutionToVir2Vcs",
                        "exit",
                        0.16292786598205566,
                        0.011818,
                        0.043406,
                        297032,
                        377404,
                        0.0060549999999999996,
                        0.00199,
                        1692773320.4113319,
                        55298905772222
                    ]
                },
                {
                    "sub": [
                        {
                            "sub": [],
                            "stat": [
                                "DoPass2",
                                "entry",
                                0.17851805686950684,
                                0.011818,
                                0.044468000000000001,
                                295476,
                                377404,
                                0.016607,
                                0.0061390000000000004,
                                1692773320.4269221,
                                55298955626718
                            ]
                        },
                        {
                            "sub": [],