{
    "CompUnits": {
        "g7hgQ_d": {
            "mode": 4,
            "mod": "tb",
            "out": "g7hgQ_d.o",
            "bytes": 12764,
            "checksum": 0,
            "text": 2195,
            "archive": "archive.11/_41150_archive_1.a"
        }
    },
    "Modules": {
        "std": {
            "nQuads": 218,
            "start_perf": [
                0.19424605369567871,
                0.024908,
                0.034870999999999999,
                296924,
                377404,
                1692786018.085362,
                95854683080670
            ],
            "child_modules": {},
            "Compiled": "Yes",
            "nRouts": 33,
            "Compiled Times": 12,
            "end_perf": [
                0.19602608680725098,
                0.025649000000000002,
                0.035909000000000003,
                296924,
                377404,
                95854688782366,
                8589934594,
                0
            ],
            "nMops": 528,
            "svclass": [
                "$vcs_nba_dyn_obj",
                0,
                35,
                2,
                2,
                0,
                "sigprop$$",
                0,
                35,
                2,
                2,
                0,
                "process",
                0,
                200,
                8,
                8,
                0,
                "event",
                0,
                34,
                2,
                2,
                0,
                "mailbox",
                0,
                140,
                9,
                9,
                0,
                "semaphore",
                0,
                84,
                5,
                5,
                0
            ]
        },
        "...MASTER...": {
            "nQuads": 0,
            "start_perf": [
                0.19128799438476562,
                0.024357,
                0.034099999999999998,
                295472,
                377404,
                1692786018.0824039,
                95854673625694
            ],
            "child_modules": {
                "std": 1,
                "tb": 1
            },
            "nMops": 0,
            "end_perf": [
                0.1941831111907959,
                0.024881,
                0.034833000000000003,
                296924,
                377404,
                95854682905566,
                0,
                0
            ],
            "nRouts": 5
        },
        "tb": {
            "nQuads": 92,
            "start_perf": [
                0.19605207443237305,
                0.025659999999999999,
                0.035923999999999998,
                296924,
                377404,
                1692786018.087168,
                95854688837278
            ],
            "child_modules": {},
            "Compiled": "Yes",
            "nRouts": 11,
            "Compiled Times": 12,
            "nMops": 258,
            "end_perf": [
                0.19869399070739746,
                0.028302000000000001,
                0.035923999999999998,
                302408,
                377404,
                95854697301246,
                12884901889,
                0
            ]
        }
    },
    "reusePaths": {
        "reYIK_d": {
            "icPath": "csrc"
        },
        "amcQw_d": {
            "icPath": "csrc"
        }
    },
    "stat": {
        "ru_self_end": {
            "ru_utime_sec": 0.029288999999999999,
            "ru_minflt": 12513,
            "ru_stime_sec": 0.038017000000000002,
            "ru_nvcsw": 54,
            "ru_maxrss_kb": 117760,
            "ru_majflt": 0,
            "ru_nivcsw": 11
        },
        "ru_childs_end": {
            "ru_utime_sec": 0.014661,
            "ru_minflt": 5341,
            "ru_stime_sec": 0.012163999999999999,
            "ru_nvcsw": 23,
            "ru_maxrss_kb": 109800,
            "ru_majflt": 0,
            "ru_nivcsw": 21
        },
        "cpu_cycles_end": 95854707099710,
        "peak_mem_kb": 377404
    },
    "ObjArchives": [
        {
            "size": 127740,
            "archive": "archive.11/_41150_archive_1.a",
            "objects": [
                [
                    "g7hgQ_d.o",
                    12764
                ],
                [
                    "amcQwB.o",
                    114976
                ]
            ]
        }
    ]
}