{
    "rlimit": {
        "data": -1,
        "stack": -1
    },
    "cycles_program_begin": 43503127271907,
    "cpu_cycles_pass2_start": 43503766818899,
    "MlibObjs": {},
    "CurCompileModules": [
        "...MASTER...",
        "vcs_paramclassrepository",
        "_vcs_unit__4011614891",
        "_vcs_unit__4011614891",
        "std",
        "add_if",
        "tb",
        "add"
    ],
    "perf": [
        {
            "stat": [
                "main",
                "entry",
                0.01005101203918457,
                0.011426,
                0.017139999999999999,
                200680,
                200680,
                0.0,
                0.0,
                1695022645.9817431,
                43503127461027
            ],
            "sub": [
                {
                    "stat": [
                        "doParsingAndDesignResolution",
                        "entry",
                        0.15235090255737305,
                        0.011916,
                        0.024709999999999999,
                        209636,
                        210436,
                        0.0,
                        0.0,
                        1695022646.124043,
                        43503581935219
                    ],
                    "sub": []
                },
                {
                    "stat": [
                        "doParsingAndDesignResolution",
                        "exit",
                        0.16161799430847168,
                        0.011916,
                        0.035485999999999997,
                        312824,
                        377768,
                        0.0,
                        0.0,
                        1695022646.1333101,
                        43503611545939
                    ],
                    "sub": []
                },
                {
                    "stat": [
                        "doPostDesignResolutionToVir2Vcs",
                        "entry",
                        0.16490793228149414,
                        0.011916,
                        0.039688000000000001,
                        294664,
                        377768,
                        0.0,
                        0.0,
                        1695022646.1366,
                        43503622032083
                    ],
                    "sub": [
                        {
                            "stat": [
                                "doUptoVir2VcsNoSepCleanup",
                                "entry",
                                0.16771388053894043,
                                0.011916,
                                0.042493999999999997,
                                295148,
                                377768,
                                0.0,
                                0.0,
                                1695022646.139406,
                                43503630977811
                            ],
                            "sub": []
                        },
                        {
                            "stat": [
                                "doUptoVir2VcsNoSepCleanup",
                                "exit",
                                0.19010090827941895,
                                0.011916,
                                0.056788999999999999,
                                312320,
                                377768,
                                0.0057000000000000002,
                                0.001895,
                                1695022646.161793,
                                43503702520851
                            ],
                            "sub": []
                        },
                        {
                            "stat": [
                                "doRadify_vir2vcsAll",
                                "entry",
                                0.19015097618103027,
                                0.011916,
                                0.056840000000000002,
                                312320,
                                377768,
                                0.014212000000000001,
                                0.016417999999999999,
                                1695022646.1618431,
                                43503702616787
                            ],
                            "sub": []
                        },
                        {
                            "stat": [
                                "doRadify_vir2vcsAll",
                                "exit",
                                0.19394898414611816,
                                0.013603000000000001,
                                0.058950000000000002,
                                312320,
                                377768,
                                0.014212000000000001,
                                0.016417999999999999,
                                1695022646.1656411,
                                43503714783475
                            ],
                            "sub": []
                        }
                    ]
                },
                {
                    "stat": [
                        "doPostDesignResolutionToVir2Vcs",
                        "exit",
                        0.19397401809692383,
                        0.013608,
                        0.058971000000000003,
                        312320,
                        377768,
                        0.014212000000000001,
                        0.016417999999999999,
                        1695022646.1656661,
                        43503714821139
                    ],
                    "sub": []
                },
                {
                    "stat": [
                        "doGAToPass2",
                        "entry",
                        0.1939849853515625,
                        0.013610000000000001,
                        0.058979999999999998,
                        312320,
                        377768,
                        0.014212000000000001,
                        0.016417999999999999,
                        1695022646.1656771,
                        43503714849619
                    ],
                    "sub": [
                        {
                            "stat": [
                                "DoPass2",
                                "entry",
                                0.21022701263427734,
                                0.013849999999999999,
                                0.060019999999999997,
                                296584,
                                377768,
                                0.024792000000000002,
                                0.021073999999999999,
                                1695022646.1819191,
                                43503766807059
                            ],
                            "sub": []
                        },
                        {
                            "stat": [
                                "DoPass2",
                                "exit",
                                0.23444795608520508,
                                0.028459999999999999,
                                0.068002999999999994,
                                305064,
                                377768,
                                0.024792000000000002,
                                0.022682000000000001,
                                1695022646.20614,
                                43503844121843
                            ],