{
    "reusePaths": {
        "amcQw_d": {
            "icPath": "csrc"
        },
        "hEeZs_d": {
            "icPath": "csrc"
        },
        "GNaSz_d": {
            "icPath": "csrc"
        },
        "reYIK_d": {
            "icPath": "csrc"
        },
        "r1PsL_d": {
            "icPath": "csrc"
        },
        "g7hgQ_d": {
            "icPath": "csrc"
        }
    },
    "Modules": {
        "add": {
            "nRouts": 19,
            "start_perf": [
                0.21570611000061035,
                0.046510999999999997,
                0.046510999999999997,
                312708,
                377768,
                1695022682.0957141,
                43618474067487
            ],
            "Compiled": "Yes",
            "child_modules": {},
            "Compiled Times": 77,
            "end_perf": [
                0.21658110618591309,
                0.046947999999999997,
                0.046947999999999997,
                312708,
                377768,
                43618476885279,
                21474836481,
                0
            ],
            "nMops": 141,
            "nQuads": 59
        },
        "tb": {
            "nRouts": 69,
            "start_perf": [
                0.21356296539306641,
                0.045439,
                0.045439,
                312708,
                377768,
                1695022682.0935709,
                43618467218111
            ],
            "Compiled": "Yes",
            "child_modules": {
                "add": 1,
                "add_if": 1
            },
            "Compiled Times": 77,
            "end_perf": [
                0.21568107604980469,
                0.046497999999999998,
                0.046497999999999998,
                312708,
                377768,
                43618474021631,
                17179869185,
                0
            ],
            "nMops": 1328,
            "nQuads": 393
        },
        "...MASTER...": {
            "nRouts": 5,
            "start_perf": [
                0.19475698471069336,
                0.032349000000000003,
                0.041591999999999997,
                310764,
                377768,
                1695022682.074765,
                43618407165267
            ],
            "child_modules": {
                "vcs_paramclassrepository": 1,
                "std": 1,
                "_vcs_unit__4011614891": 1,
                "tb": 1
            },
            "end_perf": [
                0.19791412353515625,
                0.032959000000000002,
                0.042375999999999997,
                310764,
                377768,
                43618417309119,
                0,
                0
            ],
            "nMops": 0,
            "nQuads": 0
        },
        "vcs_paramclassrepository": {
            "nRouts": 14,
            "start_perf": [
                0.19808197021484375,
                0.033003999999999999,
                0.042433999999999999,
                310764,
                377768,
                1695022682.07809,
                43618417813791
            ],
            "Compiled": "Yes",
            "child_modules": {},
            "Compiled Times": 77,
            "end_perf": [
                0.19919109344482422,
                0.033488999999999998,
                0.043057999999999999,
                310764,
                377768,
                43618421339583,
                25769803777,
                0
            ],
            "svclass": [
                "std_mailbox_28099441781665632240_61",
                0,
                136,
                9,
                9,
                0
            ],
            "nMops": 136,
            "nQuads": 56
        },
        "_vcs_unit__4011614891": {
            "nRouts": 44,
            "start_perf": [
                0.19921302795410156,
                0.033500000000000002,
                0.043070999999999998,
                310764,
                377768,
                1695022682.079221,
                43618421387071
            ],
            "child_modules": {},
            "significant_routs": [
                [
                    9,
                    "U_VCSgd_FtJyq_9",
                    3358272,
                    1878,
                    154
                ]
            ],
            "Compiled": "Yes",
            "Compiled Times": 77,
            "end_perf": [
                0.21155810356140137,
                0.044436000000000003,
                0.044436000000000003,
                312708,
                377768,
                43618460881439,
                4294967297,
                0
            ],
            "svclass": [
                "transaction",
                2286,
                199,
                5,
                4,
                4294967301,
                "generator",
                5115,
                515,
                8,
                3,
                4294967318,
                "driver",
                4621,
                522,
                11,
                3,
                4294967345,
                "monitor",
                5029,
                703,
                11,
                3,
                4294967369
            ],
            "nQuads": 535,
            "nMops": 1968
        },
        "std": {
            "nRouts": 33,
            "start_perf": [
                0.21160101890563965,
                0.044457999999999998,
                0.044457999999999998,
                312708,
                377768,
                1695022682.091609,
                43618460953727
            ],
            "Compiled": "Yes",
            "child_modules": {},
            "Compiled Times": 77,
            "end_perf": [
                0.21302700042724609,
                0.045171000000000003,
                0.045171000000000003,
                312708,
                377768,
                43618465538655,
                8589934594,
                0
            ],
            "svclass": [
                "$vcs_nba_dyn_obj",
                0,
                35,
                2,
                2,
                0,
                "sigprop$$",
                0,
                35,
                2,
                2,
                0,
                "process",
                0,
                200,
                8,
                8,
                0,
                "event",
                0,
                34,
                2,
                2,
                0,
                "mailbox",
                0,
                140,
                9,
                9,
                0,
                "semaphore",
                0,
                84,
                5,
                5,
                0
            ],
            "nMops": 528,
            "nQuads": 218
        },
        "add_if": {
            "nRouts": 9,
            "start_perf": [
                0.21306300163269043,
                0.045189,
                0.045189,
                312708,
                377768,
                1695022682.093071,
                43618465625183
            ],
            "Compiled": "Yes",
            "child_modules": {},
            "Compiled Times": 77,
            "end_perf": [
                0.21354103088378906,
                0.045428000000000003,
                0.045428000000000003,
                312708,
                377768,
                43618467172479,
                12884901889,
                0
            ],
            "svclass": [
                "add_if_vcs_virt_intf_C",
                0,
                0,
                0,
                0,
                0
            ],
            "nMops": 57,
            "nQuads": 18
        }
    },
    "CompUnits": {
        "FtJyq_d": {
            "mod": "_vcs_unit__4011614891",
            "archive": "archive.76/_67287_archive_1.a",
            "text": 17724,