{
    "cpu_cycles_pass2_start": 55458820994096,
    "SIMBData": {
        "out": "amcQwB.o",
        "bytes": 114916,
        "text": 0,
        "archive": "archive.1/_23111_archive_1.a"
    },
    "cycles_program_begin": 55458067618640,
    "NameTable": {
        "_vcs_unit__2444631337": [
            "_vcs_unit__2444631337",
            "jNxLu",
            "module",
            1
        ],
        "std": [
            "std",
            "reYIK",
            "module",
            2
        ],
        "tb": [
            "tb",
            "g7hgQ",
            "module",
            3
        ],
        "...MASTER...": [
            "SIM",
            "amcQw",
            "module",
            4
        ]
    },
    "CurCompileModules": [
        "...MASTER...",
        "_vcs_unit__2444631337",
        "std",
        "tb"
    ],
    "perf": [
        {
            "sub": [
                {
                    "sub": [],
                    "stat": [
                        "doParsingAndDesignResolution",
                        "entry",
                        0.19950580596923828,
                        0.018855,
                        0.019306,
                        209640,
                        210440,
                        0.0,
                        0.0,
                        1693145129.5404279,
                        55458671430864
                    ]
                },
                {
                    "sub": [],
                    "stat": [
                        "doParsingAndDesignResolution",
                        "exit",
                        0.20441579818725586,
                        0.018855,
                        0.024895,
                        312372,
                        377404,
                        0.0,
                        0.0,
                        1693145129.5453379,
                        55458687115088
                    ]
                },
                {
                    "sub": [
                        {
                            "sub": [],
                            "stat": [
                                "doUptoVir2VcsNoSepCleanup",
                                "entry",
                                0.20874476432800293,
                                0.018855,
                                0.029600999999999999,
                                294528,
                                377404,
                                0.0,
                                0.0,
                                1693145129.5496669,
                                55458700911408
                            ]
                        },
                        {
                            "sub": [],
                            "stat": [
                                "doUptoVir2VcsNoSepCleanup",
                                "exit",
                                0.22658395767211914,
                                0.018855,
                                0.037219000000000002,
                                295360,
                                377404,
                                0.0054270000000000004,
                                0.003333,
                                1693145129.5675061,
                                55458757918256
                            ]
                        },
                        {
                            "sub": [],
                            "stat": [
                                "doRadify_vir2vcsAll",
                                "entry",
                                0.22662782669067383,
                                0.018855,
                                0.037265,
                                295360,
                                377404,
                                0.015351999999999999,
                                0.012267,
                                1693145129.5675499,
                                55458758003024
                            ]
                        },
                        {
                            "sub": [],
                            "stat": [
                                "doRadify_vir2vcsAll",
                                "exit",
                                0.22900199890136719,
                                0.018855,
                                0.039638,
                                297072,
                                377404,
                                0.015351999999999999,
                                0.012267,
                                1693145129.5699241,
                                55458765624592
                            ]
                        }
                    ],
                    "stat": [
                        "doPostDesignResolutionToVir2Vcs",
                        "entry",
                        0.2071998119354248,
                        0.018855,
                        0.028056000000000001,
                        294304,
                        377404,
                        0.0,
                        0.0,
                        1693145129.5481219,
                        55458696091536
                    ]
                },
                {
                    "sub": [],
                    "stat": [
                        "doPostDesignResolutionToVir2Vcs",
                        "exit",
                        0.22902798652648926,
                        0.018855,
                        0.039663999999999998,
                        297072,
                        377404,
                        0.015351999999999999,
                        0.012267,
                        1693145129.5699501,
                        55458765659792
                    ]
                },
                {
                    "sub": [
                        {
                            "sub": [],
                            "stat": [
                                "DoPass2",
                                "entry",
                                0.24632596969604492,
                                0.018855,
                                0.040743000000000001,
                                295516,
                                377404,
                                0.018443000000000001,
                                0.025642999999999999,
                                1693145129.5872481,
                                55458820982192
                            ]
                        },
                        {
                            "sub": [],
                            "stat": [
                                "DoPass2",
                                "exit",
                                0.25335788726806641,
                                0.018855,
                                0.046288000000000003,
                                300940,
                                377404,
                                0.019941,
                                0.025642999999999999,
                                1693145129.59428,
                                55458843448271
                            ]
                        }
                    ],
                    "stat": [
                        "doGAToPass2",
                        "entry",
                        0.22903800010681152,
                        0.018855,
                        0.039674000000000001,
                        297072,
                        377404,
                        0.015351999999999999,
                        0.012267,
                        1693145129.5699601,
                        55458765687856
                    ]
                },
                {
                    "sub": [],