{
    "Modules": {
        "...MASTER...": {
            "nQuads": 0,
            "end_perf": [
                0.19489097595214844,
                0.020043999999999999,
                0.041549000000000003,
                296332,
                377404,
                55575304612687,
                0,
                0
            ],
            "start_perf": [
                0.1925208568572998,
                0.020043999999999999,
                0.040543000000000003,
                295512,
                377404,
                1693145166.0546899,
                55575297016271
            ],
            "child_modules": {
                "std": 1,
                "tb": 1,
                "_vcs_unit__2444631337": 1
            },
            "nMops": 0,
            "nRouts": 5
        },
        "_vcs_unit__2444631337": {
            "end_perf": [
                0.19843196868896484,
                0.020043999999999999,
                0.045089999999999998,
                302520,
                377404,
                55575315910959,
                4294967297,
                0
            ],
            "svclass": [
                "first",
                1104,
                83,
                2,
                2,
                4294967297,
                "second",
                1222,
                92,
                2,
                2,
                4294967306
            ],
            "nQuads": 56,
            "start_perf": [
                0.19495701789855957,
                0.020043999999999999,
                0.041614999999999999,
                296332,
                377404,
                1693145166.057126,
                55575304793679
            ],
            "Compiled": "Yes",
            "child_modules": {},
            "Compiled Times": 3,
            "nMops": 175,
            "nRouts": 9
        },
        "std": {
            "end_perf": [
                0.19990086555480957,
                0.020043999999999999,
                0.046559000000000003,
                302520,
                377404,
                55575320602703,
                8589934594,
                0
            ],
            "svclass": [
                "$vcs_nba_dyn_obj",
                0,
                35,
                2,
                2,
                0,
                "sigprop$$",
                0,
                35,
                2,
                2,
                0,
                "process",
                0,
                200,
                8,
                8,
                0,
                "event",
                0,
                34,
                2,
                2,
                0,
                "mailbox",
                0,
                140,
                9,
                9,
                0,
                "semaphore",
                0,
                84,
                5,
                5,
                0
            ],
            "nQuads": 218,
            "start_perf": [
                0.19845700263977051,
                0.020043999999999999,
                0.045116000000000003,
                302520,
                377404,
                1693145166.060626,
                55575315966351
            ],
            "Compiled": "Yes",
            "child_modules": {},
            "Compiled Times": 3,
            "nMops": 528,
            "nRouts": 33
        },
        "tb": {
            "nQuads": 47,
            "end_perf": [
                0.20056891441345215,
                0.020043999999999999,
                0.047226999999999998,
                302520,
                377404,
                55575322736943,
                12884901889,
                0
            ],
            "Compiled": "Yes",
            "start_perf": [
                0.19992709159851074,
                0.020043999999999999,
                0.046586000000000002,
                302520,
                377404,
                1693145166.0620961,
                55575320661039
            ],
            "child_modules": {},
            "nMops": 155,
            "Compiled Times": 3,
            "nRouts": 9
        }
    },
    "CompUnits": {
        "jNxLu_d": {
            "archive": "archive.2/_23639_archive_1.a",
            "mod": "_vcs_unit__2444631337",
            "cls": 2326,
            "out": "jNxLu_d.o",
            "bytes": 17916,
            "mode": 4,
            "text": 2546,
            "checksum": 0
        }
    },
    "reusePaths": {
        "reYIK_d": {
            "icPath": "csrc"
        },
        "amcQw_d": {
            "icPath": "csrc"
        },
        "g7hgQ_d": {
            "icPath": "csrc"
        }
    },
    "ObjArchives": [
        {
            "archive": "archive.2/_23639_archive_1.a",
            "objects": [
                [
                    "jNxLu_d.o",
                    17916
                ],
                [
                    "amcQwB.o",
                    115262
                ]
            ],
            "size": 133178
        }
    ],
    "stat": {
        "ru_self_end": {
            "ru_utime_sec": 0.020043999999999999,
            "ru_nivcsw": 9,
            "ru_majflt": 0,
            "ru_stime_sec": 0.050429000000000002,
            "ru_nvcsw": 57,
            "ru_maxrss_kb": 116856,
            "ru_minflt": 12608
        },
        "ru_childs_end": {
            "ru_utime_sec": 0.016077999999999999,
            "ru_nivcsw": 2,
            "ru_majflt": 0,
            "ru_stime_sec": 0.0089359999999999995,
            "ru_nvcsw": 25,
            "ru_maxrss_kb": 110020,
            "ru_minflt": 5341
        },
        "cpu_cycles_end": 55575332919311,
        "peak_mem_kb": 377404
    }
}