{
    "Modules": {
        "...MASTER...": {
            "end_perf": [
                0.28271198272705078,
                0.015311999999999999,
                0.042089000000000001,
                301672,
                379228,
                63680567620393,
                0,
                0
            ],
            "start_perf": [
                0.28106403350830078,
                0.015311999999999999,
                0.040441999999999999,
                297228,
                379228,
                1693998729.5310321,
                63680562341641
            ],
            "nRouts": 5,
            "nMops": 0,
            "child_modules": {
                "tb": 1,
                "std": 1
            },
            "nQuads": 0
        },
        "tb": {
            "end_perf": [
                0.29261589050292969,
                0.015311999999999999,
                0.051158000000000002,
                304316,
                379228,
                63680599277129,
                12884901889,
                0
            ],
            "start_perf": [
                0.28796696662902832,
                0.015311999999999999,
                0.047344999999999998,
                304016,
                379228,
                1693998729.537935,
                63680584377769
            ],
            "nRouts": 27,
            "nMops": 336,
            "Compiled Times": 1,
            "child_modules": {},
            "Compiled": "Yes",
            "nQuads": 148
        },
        "std": {
            "end_perf": [
                0.2879328727722168,
                0.015311999999999999,
                0.047309999999999998,
                304016,
                379228,
                63680584313833,
                8589934594,
                0
            ],
            "start_perf": [
                0.28281283378601074,
                0.015311999999999999,
                0.042189999999999998,
                301672,
                379228,
                1693998729.5327809,
                63680567928777
            ],
            "child_modules": {},
            "Compiled Times": 1,
            "nMops": 528,
            "Compiled": "Yes",
            "nQuads": 218,
            "svclass": [
                "$vcs_nba_dyn_obj",
                576,
                35,
                2,
                2,
                0,
                "sigprop$$",
                576,
                35,
                2,
                2,
                0,
                "process",
                2380,
                200,
                8,
                8,
                0,
                "event",
                597,
                34,
                2,
                2,
                0,
                "mailbox",
                1769,
                140,
                9,
                9,
                0,
                "semaphore",
                1119,
                84,
                5,
                5,
                0
            ],
            "nRouts": 33
        }
    },
    "CompUnits": {
        "amcQw_d": {
            "mod": "...MASTER...",
            "out": "objs/amcQw_d.o",
            "checksum": 0,
            "bytes": 7824,
            "text": 434,
            "mode": 4
        },
        "g7hgQ_d": {
            "mod": "tb",
            "out": "g7hgQ_d.o",
            "checksum": 0,
            "bytes": 18756,
            "text": 4074,
            "mode": 4,
            "archive": "archive.0/_28273_archive_1.a"
        },
        "reYIK_d": {
            "mod": "std",
            "out": "reYIK_d.o",
            "checksum": 0,
            "bytes": 43000,
            "cls": 7017,
            "text": 7325,
            "mode": 4,
            "archive": "archive.0/_28273_archive_1.a"
        }
    },
    "reusePaths": {},
    "ObjArchives": [
        {
            "archive": "archive.0/_28273_archive_1.a",
            "objects": [
                [
                    "reYIK_d.o",
                    43000
                ],
                [
                    "g7hgQ_d.o",
                    18756
                ],
                [
                    "amcQwB.o",
                    115970
                ]
            ],
            "size": 177726
        }
    ],
    "stat": {
        "ru_self_end": {
            "ru_utime_sec": 0.015311999999999999,
            "ru_stime_sec": 0.053782999999999997,
            "ru_maxrss_kb": 118044,
            "ru_minflt": 12646,
            "ru_majflt": 8,
            "ru_nvcsw": 34,
            "ru_nivcsw": 28
        },
        "ru_childs_end": {
            "ru_utime_sec": 0.011797,
            "ru_stime_sec": 0.011625,
            "ru_maxrss_kb": 110032,
            "ru_minflt": 5099,
            "ru_majflt": 0,
            "ru_nvcsw": 25,
            "ru_nivcsw": 23
        },
        "cpu_cycles_end": 63680607591209,
        "peak_mem_kb": 379228
    }
}